-- phpMyAdmin SQL Dump
-- version 5.2.1
-- https://www.phpmyadmin.net/
--
-- Host: 127.0.0.1
-- Generation Time: Dec 24, 2025 at 02:23 PM
-- Server version: 10.4.32-MariaDB
-- PHP Version: 8.2.12

SET SQL_MODE = "NO_AUTO_VALUE_ON_ZERO";
START TRANSACTION;
SET time_zone = "+00:00";


/*!40101 SET @OLD_CHARACTER_SET_CLIENT=@@CHARACTER_SET_CLIENT */;
/*!40101 SET @OLD_CHARACTER_SET_RESULTS=@@CHARACTER_SET_RESULTS */;
/*!40101 SET @OLD_COLLATION_CONNECTION=@@COLLATION_CONNECTION */;
/*!40101 SET NAMES utf8mb4 */;

--
-- Database: `go_accounting`
--

-- --------------------------------------------------------

--
-- Table structure for table `accounts`
--

CREATE TABLE `accounts` (
  `id` int(11) NOT NULL,
  `account_number` int(11) NOT NULL,
  `account_name` varchar(50) NOT NULL,
  `account_type` int(11) NOT NULL,
  `building_id` int(11) NOT NULL,
  `isDefault` tinyint(1) NOT NULL,
  `created_at` datetime NOT NULL DEFAULT current_timestamp(),
  `updated_at` datetime NOT NULL DEFAULT current_timestamp() ON UPDATE current_timestamp()
) ENGINE=InnoDB DEFAULT CHARSET=utf8mb4 COLLATE=utf8mb4_general_ci;

--
-- Dumping data for table `accounts`
--

INSERT INTO `accounts` (`id`, `account_number`, `account_name`, `account_type`, `building_id`, `isDefault`, `created_at`, `updated_at`) VALUES
(1, 10001, 'Account Receivable updated', 1, 2, 0, '2025-12-07 08:24:06', '2025-12-18 10:33:59'),
(2, 11000, 'Account Receivable', 1, 2, 0, '2025-12-07 08:24:17', '2025-12-18 10:36:21'),
(3, 10002, 'CASH ON HAND', 1, 2, 0, '2025-12-07 15:09:26', '2025-12-18 10:34:19'),
(4, 10000, 'CASH ON HAND', 1, 1, 0, '2025-12-08 11:43:24', '2025-12-18 10:34:25'),
(5, 10003, 'DAHABSHIIL BANK', 1, 2, 0, '2025-12-08 13:29:30', '2025-12-18 10:34:31'),
(6, 10003, 'DAHABSHIIL BANK', 1, 1, 0, '2025-12-08 13:29:53', '2025-12-18 10:34:36'),
(7, 40000, 'RENT INCOME', 9, 1, 0, '2025-12-11 10:03:24', '2025-12-18 10:34:40'),
(8, 40001, 'SERVICE INCOME', 9, 1, 0, '2025-12-11 10:03:40', '2025-12-18 10:34:46'),
(9, 11010, 'ACCOUNT RECEIVABLE', 2, 1, 0, '2025-12-11 11:20:08', '2025-12-18 10:36:42'),
(10, 40100, 'DISCOUNT GIVEN', 9, 1, 0, '2025-12-11 11:26:01', '2025-12-18 10:34:56'),
(11, 20000, 'DEFFERED INCOME', 7, 1, 0, '2025-12-11 14:16:59', '2025-12-18 10:35:00'),
(12, 60000, 'SALARY EXPENSE', 5, 1, 0, '2025-12-12 10:47:44', '2025-12-18 10:35:17'),
(13, 2001, 'CUSTOMER CREDITS', 7, 1, 0, '2025-12-12 13:58:54', '2025-12-14 10:30:20'),
(14, 40200, 'ELECTRICITY INCOME', 9, 1, 0, '2025-12-14 09:32:11', '2025-12-18 10:35:28'),
(15, 40300, 'WATER INCOME', 9, 1, 0, '2025-12-14 09:32:39', '2025-12-18 10:35:32'),
(16, 20002, 'CUSTOMER PREPAYMENTS', 7, 1, 0, '2025-12-14 10:29:28', '2025-12-18 10:35:36'),
(17, 60100, 'ELECTRICITY EXPENSE', 5, 1, 0, '2025-12-14 10:30:56', '2025-12-14 10:30:56'),
(18, 60200, 'WATER EXPENSE', 5, 1, 0, '2025-12-14 10:31:20', '2025-12-14 10:31:20'),
(19, 10100, 'SALAAM BANK', 1, 1, 0, '2025-12-14 12:04:32', '2025-12-14 12:04:32'),
(20, 60300, 'VAT EXPENSE', 5, 1, 0, '2025-12-18 08:32:51', '2025-12-18 08:32:51'),
(21, 60400, 'SANADLE', 5, 1, 0, '2025-12-18 08:33:17', '2025-12-18 08:33:17'),
(22, 60500, 'REPAIR AND MAINTAINANCE', 5, 1, 0, '2025-12-18 08:33:39', '2025-12-18 08:33:39'),
(23, 60600, 'NADAAFAD EXPENSE', 5, 1, 0, '2025-12-18 08:34:34', '2025-12-18 08:34:34'),
(24, 60700, 'QASHIN EXPENSE', 5, 1, 0, '2025-12-18 08:34:49', '2025-12-18 08:34:49'),
(25, 60800, 'OTHER EXPENSE', 5, 1, 0, '2025-12-18 08:35:21', '2025-12-18 08:35:21'),
(26, 61000, 'WASHING EXPENSE', 5, 1, 0, '2025-12-18 09:09:38', '2025-12-18 09:09:38'),
(27, 12000, 'ABDIRASHID MOHAMUD', 3, 1, 0, '2025-12-18 10:39:47', '2025-12-18 10:39:47'),
(28, 61100, 'BEERTA EXPENSE', 5, 1, 0, '2025-12-22 08:54:01', '2025-12-22 08:54:01'),
(29, 61200, 'BAD DEBTS', 5, 1, 0, '2025-12-24 12:23:00', '2025-12-24 12:23:00'),
(30, 61300, 'KOROTADA WIISHKA EXPENSE', 5, 1, 0, '2025-12-24 14:54:14', '2025-12-24 14:54:14');

-- --------------------------------------------------------

--
-- Table structure for table `account_types`
--

CREATE TABLE `account_types` (
  `id` int(11) NOT NULL,
  `typeName` varchar(250) NOT NULL,
  `type` varchar(20) NOT NULL,
  `sub_type` varchar(20) NOT NULL,
  `typeStatus` varchar(10) NOT NULL,
  `created_at` timestamp NOT NULL DEFAULT current_timestamp(),
  `updated_at` timestamp NOT NULL DEFAULT current_timestamp() ON UPDATE current_timestamp()
) ENGINE=InnoDB DEFAULT CHARSET=utf8mb4 COLLATE=utf8mb4_general_ci;

--
-- Dumping data for table `account_types`
--

INSERT INTO `account_types` (`id`, `typeName`, `type`, `sub_type`, `typeStatus`, `created_at`, `updated_at`) VALUES
(1, 'Bank', 'Asset', 'current asset', 'debit', '2025-12-07 05:10:03', '2025-12-07 05:10:03'),
(2, 'Account Receivable', 'Asset', 'current asset', 'debit', '2025-12-07 05:10:03', '2025-12-07 05:10:03'),
(3, 'Other current asset', 'Asset', 'current asset', 'debit', '2025-12-07 05:10:03', '2025-12-07 05:10:03'),
(4, 'Cost of goods sold', 'Expense', '', 'debit', '2025-12-07 05:10:03', '2025-12-07 05:10:03'),
(5, 'Expense', 'Expense', '', 'debit', '2025-12-07 05:10:03', '2025-12-07 05:10:03'),
(6, 'Account Payable', 'Liability', '', 'credit', '2025-12-07 05:10:03', '2025-12-07 05:10:03'),
(7, 'Other Liability', 'Liability', '', 'credit', '2025-12-07 05:10:03', '2025-12-07 05:10:03'),
(8, 'Equity', 'Equity', '', 'credit', '2025-12-07 05:10:03', '2025-12-07 05:10:03'),
(9, 'Income', 'Income', '', 'credit', '2025-12-07 05:10:03', '2025-12-07 05:10:03'),
(10, 'Fixed Asset', 'Asset', 'fixed asset', 'debit', '2025-12-07 05:10:03', '2025-12-07 05:10:03');

-- --------------------------------------------------------

--
-- Table structure for table `buildings`
--

CREATE TABLE `buildings` (
  `id` int(11) NOT NULL,
  `name` varchar(250) NOT NULL,
  `created_at` timestamp NOT NULL DEFAULT current_timestamp(),
  `updated_at` timestamp NOT NULL DEFAULT current_timestamp()
) ENGINE=InnoDB DEFAULT CHARSET=utf8mb4 COLLATE=utf8mb4_general_ci;

--
-- Dumping data for table `buildings`
--

INSERT INTO `buildings` (`id`, `name`, `created_at`, `updated_at`) VALUES
(1, 'Guri Barwaaqo', '2025-12-06 16:29:00', '2025-12-06 16:29:00'),
(2, 'Hormuud', '2025-12-06 16:31:10', '2025-12-06 17:18:17'),
(3, 'Maansoor', '2025-12-08 07:13:27', '2025-12-08 07:14:30');

-- --------------------------------------------------------

--
-- Table structure for table `checks`
--

CREATE TABLE `checks` (
  `id` int(11) NOT NULL,
  `transaction_id` int(11) NOT NULL,
  `check_date` date NOT NULL,
  `reference_number` varchar(50) DEFAULT NULL,
  `payment_account_id` int(11) NOT NULL,
  `building_id` int(11) NOT NULL,
  `memo` text DEFAULT NULL,
  `total_amount` decimal(10,2) DEFAULT NULL,
  `created_at` timestamp NOT NULL DEFAULT current_timestamp()
) ENGINE=InnoDB DEFAULT CHARSET=utf8mb4 COLLATE=utf8mb4_general_ci;

--
-- Dumping data for table `checks`
--

INSERT INTO `checks` (`id`, `transaction_id`, `check_date`, `reference_number`, `payment_account_id`, `building_id`, `memo`, `total_amount`, `created_at`) VALUES
(1, 120, '2025-09-30', 'KORONTO-SEP', 19, 1, 'KORONTADA SEPTEMBER', 820.11, '2025-12-17 10:37:06'),
(2, 121, '2025-09-30', 'BIYO-SEP', 19, 1, 'BIYAHA SEP LA QORAY', 319.50, '2025-12-17 11:09:02'),
(3, 122, '2025-10-31', 'KORONTO-OCT', 19, 1, NULL, 487.97, '2025-12-17 11:27:02'),
(4, 123, '2025-10-31', 'BIYO-OCT', 19, 1, 'BIYAHA OCTOBER', 217.50, '2025-12-17 11:53:52'),
(10, 129, '2025-11-30', 'KORONTO-NOV', 19, 1, 'KORONTADA BISHA NOV', 737.70, '2025-12-17 12:20:04'),
(11, 130, '2025-11-30', 'BIYO-NOV', 19, 1, 'BIYAHA BISHA NOVEMBER', 175.50, '2025-12-17 13:05:39'),
(12, 131, '2025-10-01', 'OCT-1-25', 19, 1, 'QARASHAAD', 1426.20, '2025-12-18 05:45:11'),
(13, 132, '2025-10-18', 'OCT-8', 19, 1, 'JARANJARO IYO DIINIMO SAMEENTODA', 49.00, '2025-12-18 05:55:23'),
(14, 133, '2025-10-23', 'OCT-23-EXP', 19, 1, NULL, 24.00, '2025-12-18 05:57:02'),
(15, 134, '2025-11-06', 'NOV-6-EXP', 19, 1, NULL, 500.00, '2025-12-18 06:00:33'),
(16, 135, '2025-11-12', 'NOV-12-EXP', 19, 1, NULL, 206.00, '2025-12-18 06:02:11'),
(17, 136, '2025-11-25', 'NOV-25-EXP', 19, 1, NULL, 40.00, '2025-12-18 06:04:47'),
(18, 137, '2025-12-04', 'DEC-4-EXP', 19, 1, NULL, 665.00, '2025-12-18 06:11:38'),
(19, 143, '2025-12-22', 'DEC-22-EXP', 19, 1, 'BEERTA IYO MUSHARADKA IYO NADAAFADA DEC', 1383.00, '2025-12-22 06:02:19');

-- --------------------------------------------------------

--
-- Table structure for table `credit_memo`
--

CREATE TABLE `credit_memo` (
  `id` int(11) NOT NULL,
  `transaction_id` int(11) NOT NULL,
  `reference` varchar(255) NOT NULL,
  `date` date NOT NULL,
  `user_id` int(11) NOT NULL,
  `deposit_to` int(11) NOT NULL,
  `liability_account` int(11) NOT NULL,
  `people_id` int(11) NOT NULL,
  `building_id` int(11) NOT NULL,
  `unit_id` int(11) NOT NULL,
  `amount` decimal(10,2) NOT NULL,
  `description` text NOT NULL,
  `status` enum('0','1') NOT NULL DEFAULT '1',
  `created_at` timestamp NOT NULL DEFAULT current_timestamp(),
  `updated_at` timestamp NOT NULL DEFAULT current_timestamp() ON UPDATE current_timestamp()
) ENGINE=InnoDB DEFAULT CHARSET=utf8mb4 COLLATE=utf8mb4_general_ci;

--
-- Dumping data for table `credit_memo`
--

INSERT INTO `credit_memo` (`id`, `transaction_id`, `reference`, `date`, `user_id`, `deposit_to`, `liability_account`, `people_id`, `building_id`, `unit_id`, `amount`, `description`, `status`, `created_at`, `updated_at`) VALUES
(1, 1, 'YAHYE-G-1', '2025-10-22', 1, 19, 9, 10, 1, 17, 900.00, 'G prepayments from july - dec', '1', '2025-12-14 09:06:11', '2025-12-14 09:08:43'),
(2, 2, 'BAQAAR-A-OCT-1', '2025-10-21', 1, 19, 9, 13, 1, 15, 3500.00, 'lacag hormaris ah from septempber 2025 to june 2026', '1', '2025-12-14 10:28:51', '2025-12-17 08:34:26'),
(3, 3, 'BAQAAR-B-DEC-01', '2025-12-15', 1, 19, 9, 14, 1, 16, 5850.00, '13 BILOOD HORMARIS AH OO KA BILAABATO DEC 2025', '1', '2025-12-15 13:53:31', '2025-12-15 13:53:31'),
(4, 48, 'B2-OCT-CREDIT', '2025-10-01', 1, 19, 9, 3, 1, 4, 0.03, 'DHEERAD EE BIXIYEEN B2-OCT INVOICE', '1', '2025-12-16 08:39:39', '2025-12-16 08:43:04'),
(5, 53, 'B4-OCT-CREDIT', '2025-10-01', 1, 19, 9, 8, 1, 8, 0.90, 'DHEERAD BUKUSO DARAY', '1', '2025-12-16 08:42:42', '2025-12-16 08:42:42'),
(6, 77, 'A3-NOV-CREDIT', '2025-11-01', 1, 19, 9, 5, 1, 5, 0.87, 'NOV DHEERADKAS KUSO DARE', '1', '2025-12-17 05:04:37', '2025-12-17 05:04:37'),
(7, 146, 'WRITE-OFF-B1-1', '2025-12-24', 1, 29, 9, 2, 1, 2, 0.91, '140 KALIYA AYEE BIXISE INTEESAN GUURIN', '1', '2025-12-24 09:25:33', '2025-12-24 09:25:33');

-- --------------------------------------------------------

--
-- Table structure for table `expense_lines`
--

CREATE TABLE `expense_lines` (
  `id` int(11) NOT NULL,
  `check_id` int(11) NOT NULL,
  `account_id` int(11) NOT NULL,
  `unit_id` int(11) DEFAULT NULL,
  `people_id` int(11) DEFAULT NULL,
  `description` text DEFAULT NULL,
  `amount` decimal(10,2) NOT NULL
) ENGINE=InnoDB DEFAULT CHARSET=utf8mb4 COLLATE=utf8mb4_general_ci;

--
-- Dumping data for table `expense_lines`
--

INSERT INTO `expense_lines` (`id`, `check_id`, `account_id`, `unit_id`, `people_id`, `description`, `amount`) VALUES
(35, 2, 18, 1, NULL, NULL, 42.00),
(36, 2, 18, 2, NULL, 'SEP LOMA QORIN CILAD JIRTA', 0.00),
(37, 2, 18, 3, NULL, NULL, 66.00),
(38, 2, 18, 4, NULL, NULL, 34.50),
(39, 2, 18, 5, NULL, NULL, 54.00),
(40, 2, 18, 6, NULL, NULL, 16.50),
(41, 2, 18, 7, NULL, NULL, 43.50),
(42, 2, 18, 8, NULL, NULL, 19.50),
(43, 2, 18, 9, NULL, NULL, 17.00),
(44, 2, 18, 11, NULL, NULL, 16.50),
(45, 2, 18, 17, NULL, NULL, 10.00),
(46, 2, 18, 10, NULL, NULL, 0.00),
(47, 2, 18, 12, NULL, NULL, 0.00),
(48, 2, 18, 13, NULL, NULL, 0.00),
(49, 2, 18, 14, NULL, NULL, 0.00),
(50, 2, 18, 18, NULL, NULL, 0.00),
(51, 2, 18, 19, NULL, NULL, 0.00),
(69, 4, 18, 1, NULL, NULL, 16.50),
(70, 4, 18, 3, NULL, NULL, 36.00),
(71, 4, 18, 4, NULL, NULL, 18.00),
(72, 4, 18, 5, NULL, NULL, 24.00),
(73, 4, 18, 6, NULL, NULL, 6.00),
(74, 4, 18, 7, NULL, NULL, 12.00),
(75, 4, 18, 8, NULL, NULL, 25.50),
(76, 4, 18, 9, NULL, NULL, 13.50),
(77, 4, 18, 11, NULL, NULL, 9.00),
(78, 4, 18, 2, NULL, 'SEP + OCT LACACTOODI', 57.00),
(181, 11, 18, 2, NULL, NULL, 19.50),
(182, 11, 18, 1, NULL, NULL, 13.50),
(183, 11, 18, 3, NULL, NULL, 33.00),
(184, 11, 18, 5, NULL, NULL, 25.50),
(185, 11, 18, 7, NULL, NULL, 12.00),
(186, 11, 18, 9, NULL, NULL, 9.00),
(187, 11, 18, 11, NULL, NULL, 6.00),
(188, 11, 18, 4, NULL, NULL, 15.00),
(189, 11, 18, 6, NULL, NULL, 12.00),
(190, 11, 18, 8, NULL, NULL, 25.50),
(191, 11, 18, 14, NULL, NULL, 4.50),
(197, 12, 22, 2, NULL, 'QARASH ', 10.00),
(198, 12, 12, NULL, 16, 'SEP SALARY', 300.00),
(199, 12, 20, NULL, NULL, 'vat july - december', 450.00),
(200, 12, 21, NULL, NULL, 'SANADLE 2024 - 2025', 485.20),
(201, 12, 25, NULL, NULL, 'GAABOW DAGMO', 56.00),
(202, 12, 25, NULL, NULL, 'SHAAKIR DAGMO', 125.00),
(203, 13, 22, NULL, NULL, 'DIINIMO', 15.00),
(204, 13, 22, NULL, NULL, 'JARANJARO', 34.00),
(206, 15, 12, NULL, 16, 'OCT SALARY', 300.00),
(207, 15, 12, NULL, 17, 'OCT SALARY', 200.00),
(210, 14, 22, 16, NULL, 'BIYO SOO DEEN ', 24.00),
(211, 16, 22, 16, NULL, 'RIJIYEEN', 206.00),
(212, 17, 22, 2, NULL, 'FARSAMO', 40.00),
(213, 18, 12, NULL, 16, 'NOV SALARY', 300.00),
(214, 18, 12, NULL, 17, 'NOV SALARY', 200.00),
(215, 18, 23, NULL, NULL, NULL, 65.00),
(216, 18, 26, NULL, NULL, NULL, 50.00),
(217, 18, 24, NULL, NULL, NULL, 50.00),
(235, 19, 28, NULL, NULL, 'SHABAQA BEERTA', 650.00),
(236, 19, 12, NULL, 16, NULL, 300.00),
(237, 19, 12, NULL, 17, NULL, 200.00),
(238, 19, 28, NULL, NULL, 'CAAGAGA', 65.00),
(239, 19, 28, NULL, NULL, 'NINKA ', 10.00),
(240, 19, 28, NULL, NULL, 'SHAQO IYO SUN UU QABTE', 15.00),
(241, 19, 28, NULL, NULL, 'BUUFIN', 8.00),
(242, 19, 23, NULL, 18, 'NADAFADA WIISHKA', 50.00),
(243, 19, 23, NULL, 18, 'NADAFADA DHULKA', 25.00),
(244, 19, 24, NULL, NULL, NULL, 50.00),
(245, 19, 28, NULL, NULL, 'GEED', 10.00),
(246, 1, 17, 1, NULL, NULL, 59.33),
(247, 1, 17, 2, NULL, NULL, 14.67),
(248, 1, 17, 3, NULL, NULL, 56.73),
(249, 1, 17, 4, NULL, NULL, 46.74),
(250, 1, 17, 5, NULL, NULL, 44.60),
(251, 1, 17, 6, NULL, NULL, 39.36),
(252, 1, 17, 7, NULL, NULL, 117.60),
(253, 1, 17, 8, NULL, NULL, 25.60),
(254, 1, 17, 9, NULL, NULL, 54.20),
(255, 1, 17, 10, NULL, NULL, 5.15),
(256, 1, 17, 11, NULL, NULL, 92.20),
(257, 1, 17, 12, NULL, NULL, 0.50),
(258, 1, 14, 13, NULL, NULL, 0.90),
(259, 1, 17, 14, NULL, NULL, 2.70),
(260, 1, 17, 17, NULL, NULL, 5.00),
(261, 1, 17, 18, NULL, NULL, 153.43),
(262, 1, 30, 19, NULL, NULL, 101.40),
(263, 3, 17, 1, NULL, NULL, 21.37),
(264, 3, 17, 3, NULL, NULL, 32.21),
(265, 3, 17, 5, NULL, NULL, 21.13),
(266, 3, 17, 7, NULL, NULL, 42.95),
(267, 3, 17, 9, NULL, NULL, 22.18),
(268, 3, 17, 11, NULL, NULL, 54.13),
(269, 3, 17, 13, NULL, NULL, 0.06),
(270, 3, 17, 2, NULL, NULL, 12.35),
(271, 3, 17, 4, NULL, NULL, 22.61),
(272, 3, 17, 6, NULL, NULL, 22.89),
(273, 3, 17, 8, NULL, NULL, 37.66),
(274, 3, 17, 10, NULL, 'no more kwh than previous month', 0.00),
(275, 3, 17, 12, NULL, NULL, 2.45),
(276, 3, 17, 14, NULL, NULL, 0.05),
(277, 3, 17, 17, NULL, NULL, 15.54),
(278, 3, 17, 18, NULL, NULL, 97.32),
(279, 3, 30, 19, NULL, NULL, 83.07),
(280, 10, 17, 2, NULL, 'NOV DHAXDED GUUREN', 4.75),
(281, 10, 17, 1, NULL, NULL, 18.05),
(282, 10, 17, 3, NULL, NULL, 30.25),
(283, 10, 17, 4, NULL, NULL, 21.67),
(284, 10, 17, 5, NULL, NULL, 19.29),
(285, 10, 17, 6, NULL, NULL, 19.86),
(286, 10, 17, 7, NULL, NULL, 38.56),
(287, 10, 17, 8, NULL, NULL, 33.40),
(288, 10, 17, 9, NULL, NULL, 21.50),
(289, 10, 17, 10, NULL, NULL, 10.29),
(290, 10, 17, 11, NULL, NULL, 60.79),
(291, 10, 17, 12, NULL, NULL, 0.43),
(292, 10, 17, 13, NULL, NULL, 0.04),
(293, 10, 17, 14, NULL, NULL, 5.31),
(294, 10, 17, 17, NULL, NULL, 275.93),
(295, 10, 30, 19, NULL, NULL, 83.99),
(296, 10, 17, 18, NULL, NULL, 93.59);

-- --------------------------------------------------------

--
-- Table structure for table `invoices`
--

CREATE TABLE `invoices` (
  `id` int(11) NOT NULL,
  `invoice_no` varchar(255) NOT NULL,
  `transaction_id` int(11) NOT NULL,
  `sales_date` date NOT NULL,
  `due_date` date NOT NULL,
  `ar_account_id` int(11) NOT NULL,
  `unit_id` int(11) DEFAULT NULL,
  `people_id` int(11) DEFAULT NULL,
  `user_id` int(11) NOT NULL,
  `amount` decimal(10,2) NOT NULL,
  `description` text NOT NULL,
  `cancel_reason` text DEFAULT NULL,
  `status` enum('0','1') NOT NULL DEFAULT '1',
  `building_id` int(11) NOT NULL,
  `createdAt` timestamp NOT NULL DEFAULT current_timestamp(),
  `updatedAt` timestamp NOT NULL DEFAULT current_timestamp() ON UPDATE current_timestamp()
) ENGINE=InnoDB DEFAULT CHARSET=utf8mb4 COLLATE=utf8mb4_general_ci;

--
-- Dumping data for table `invoices`
--

INSERT INTO `invoices` (`id`, `invoice_no`, `transaction_id`, `sales_date`, `due_date`, `ar_account_id`, `unit_id`, `people_id`, `user_id`, `amount`, `description`, `cancel_reason`, `status`, `building_id`, `createdAt`, `updatedAt`) VALUES
(1, 'G-JULY', 4, '2025-07-01', '2026-07-05', 9, 17, 10, 1, 150.00, 'JULY INVOICE', NULL, '1', 1, '2025-12-15 14:14:11', '2025-12-15 14:14:11'),
(2, 'G-AUG-YAHYE', 5, '2025-08-01', '2026-08-05', 9, 17, 10, 1, 150.00, 'AUG INVOICE \nBIYA IYO KORONTO JULY LAMA DIWAN GALIN', NULL, '1', 1, '2025-12-16 05:04:31', '2025-12-16 05:04:31'),
(3, 'A1-SEP', 6, '2025-09-01', '2025-09-05', 9, 1, 1, 1, 350.00, 'A1-SEP', NULL, '1', 1, '2025-12-16 05:47:16', '2025-12-16 05:47:16'),
(4, 'B1-SEP', 7, '2025-09-01', '2025-09-05', 9, 2, 2, 1, 350.00, 'B1-SEP', NULL, '1', 1, '2025-12-16 05:48:19', '2025-12-16 05:48:19'),
(5, 'A2-SEP', 8, '2025-09-01', '2025-09-05', 9, 3, 3, 1, 350.00, '', NULL, '1', 1, '2025-12-16 05:53:58', '2025-12-16 05:53:58'),
(6, 'B2-SEP', 9, '2025-09-01', '2025-09-05', 9, 4, 3, 1, 350.00, '', NULL, '1', 1, '2025-12-16 05:54:35', '2025-12-16 05:54:35'),
(7, 'A3-SEP', 10, '2025-09-01', '2025-09-05', 9, 5, 5, 1, 350.00, '', NULL, '1', 1, '2025-12-16 05:56:55', '2025-12-16 05:56:55'),
(8, 'B3-SEP', 11, '2025-09-01', '2025-09-05', 9, 6, 6, 1, 350.00, '', NULL, '1', 1, '2025-12-16 05:57:38', '2025-12-16 05:57:38'),
(9, 'A4-SEP', 12, '2025-09-01', '2025-09-05', 9, 7, 7, 1, 350.00, '', NULL, '1', 1, '2025-12-16 05:59:50', '2025-12-16 05:59:50'),
(10, 'B4-SEP', 13, '2025-09-15', '2025-09-19', 9, 8, 8, 1, 175.00, '', NULL, '1', 1, '2025-12-16 06:01:14', '2025-12-16 06:01:14'),
(11, 'A5-SEP', 14, '2025-09-01', '2025-09-05', 9, 9, 9, 1, 350.00, '', NULL, '1', 1, '2025-12-16 06:04:34', '2025-12-16 06:04:34'),
(12, 'B5-SEP', 15, '2025-09-01', '2025-09-05', 9, 10, 9, 1, 300.00, '', NULL, '1', 1, '2025-12-16 06:05:18', '2025-12-16 06:05:18'),
(13, 'A6-SEP', 16, '2025-09-01', '2025-09-05', 9, 11, 10, 1, 350.00, '', NULL, '1', 1, '2025-12-16 06:07:44', '2025-12-16 06:07:44'),
(14, 'A7-SEP', 17, '2025-09-01', '2025-09-05', 9, 13, 11, 1, 350.00, '', NULL, '1', 1, '2025-12-16 06:08:24', '2025-12-16 06:08:24'),
(15, 'G-SEP', 18, '2025-09-01', '2025-09-05', 9, 17, 10, 1, 150.00, '', NULL, '1', 1, '2025-12-16 06:10:37', '2025-12-16 06:10:37'),
(16, 'BAQAAR-A-SEP', 19, '2025-09-01', '2025-09-05', 9, 15, 13, 1, 350.00, '', NULL, '1', 1, '2025-12-16 06:11:59', '2025-12-16 06:11:59'),
(17, 'A1-OCT', 30, '2025-10-01', '2025-10-05', 9, 1, 1, 1, 451.33, '', NULL, '1', 1, '2025-12-16 07:18:05', '2025-12-16 07:18:05'),
(18, 'B1-OCT', 31, '2025-10-01', '2025-10-05', 9, 2, 2, 1, 364.67, 'biyaha qalad bay ka cabatay maka bisha\nxigto ina oso saarto baa tan looga\ndhigi doona', NULL, '1', 1, '2025-12-16 07:20:53', '2025-12-16 07:20:53'),
(19, 'A2-OCT', 32, '2025-10-01', '2025-10-05', 9, 3, 3, 1, 472.73, '', NULL, '1', 1, '2025-12-16 07:25:35', '2025-12-16 07:25:35'),
(20, 'B2-OCT', 33, '2025-10-01', '2025-10-05', 9, 4, 3, 1, 431.24, '', NULL, '1', 1, '2025-12-16 07:26:22', '2025-12-16 07:26:22'),
(21, 'A3-OCT', 34, '2025-10-01', '2025-10-05', 9, 5, 5, 1, 448.60, '', NULL, '1', 1, '2025-12-16 07:30:10', '2025-12-16 07:30:10'),
(22, 'B3-OCT', 35, '2025-10-01', '2025-10-05', 9, 6, 6, 1, 405.86, '', NULL, '1', 1, '2025-12-16 07:30:48', '2025-12-16 07:30:48'),
(23, 'B4-OCT', 37, '2025-10-01', '2025-10-05', 9, 8, 8, 1, 395.10, '', NULL, '1', 1, '2025-12-16 07:38:36', '2025-12-16 07:41:00'),
(24, 'A4-OCT', 36, '2025-10-01', '2025-10-05', 9, 7, 7, 1, 511.10, '', NULL, '1', 1, '2025-12-16 07:38:36', '2025-12-16 07:38:36'),
(25, 'A5-OCT', 38, '2025-10-01', '2025-10-05', 9, 9, 9, 1, 421.20, '', NULL, '1', 1, '2025-12-16 08:06:43', '2025-12-16 08:06:43'),
(26, 'B5-OCT', 39, '2025-10-01', '2025-10-05', 9, 10, 9, 1, 305.15, '', NULL, '1', 1, '2025-12-16 08:10:09', '2025-12-16 08:10:09'),
(27, 'A6-OCT', 40, '2025-10-01', '2025-10-05', 9, 11, 10, 1, 458.70, '', NULL, '1', 1, '2025-12-16 08:12:19', '2025-12-16 08:12:19'),
(28, 'A7-OCT', 41, '2025-10-01', '2025-10-05', 9, 13, 11, 1, 350.00, '', NULL, '1', 1, '2025-12-16 08:15:06', '2025-12-16 08:15:06'),
(29, 'BAQAAR A-OCT', 42, '2025-10-01', '2025-10-05', 9, 15, 13, 1, 350.00, '', NULL, '1', 1, '2025-12-16 08:16:22', '2025-12-16 08:16:22'),
(30, 'G-OCT', 43, '2025-10-01', '2025-10-05', 9, 17, 10, 1, 165.00, '', NULL, '1', 1, '2025-12-16 08:18:11', '2025-12-18 06:57:55'),
(31, 'A1-NOV', 58, '2025-11-01', '2025-11-05', 9, 1, 1, 1, 387.87, '', NULL, '1', 1, '2025-12-16 13:06:56', '2025-12-16 13:06:56'),
(32, 'B1-NOV', 59, '2025-11-01', '2025-11-05', 9, 2, 2, 1, 419.35, '', NULL, '1', 1, '2025-12-16 13:08:03', '2025-12-16 13:08:03'),
(33, 'A2-NOV', 60, '2025-11-01', '2025-11-05', 9, 3, 3, 1, 418.21, '', NULL, '1', 1, '2025-12-16 13:16:30', '2025-12-16 13:16:30'),
(34, 'B2-NOV', 61, '2025-11-01', '2025-11-05', 9, 4, 3, 1, 390.61, '', NULL, '1', 1, '2025-12-16 13:17:17', '2025-12-16 13:17:17'),
(35, 'A3-NOV', 62, '2025-11-01', '2025-11-05', 9, 5, 5, 1, 395.13, '', NULL, '1', 1, '2025-12-16 13:20:56', '2025-12-16 13:20:56'),
(36, 'B3-NOV', 63, '2025-11-01', '2025-11-05', 9, 6, 6, 1, 378.89, '', NULL, '1', 1, '2025-12-16 13:24:54', '2025-12-16 13:24:54'),
(37, 'A4-NOV', 64, '2025-11-01', '2025-11-05', 9, 7, 7, 1, 404.95, '', NULL, '1', 1, '2025-12-16 13:28:28', '2025-12-16 13:28:28'),
(38, 'B4-NOV', 65, '2025-11-01', '2025-11-05', 9, 8, 8, 1, 413.16, '', NULL, '1', 1, '2025-12-16 13:29:18', '2025-12-16 13:29:18'),
(39, 'A5-NOV', 66, '2025-11-01', '2025-11-05', 9, 9, 9, 1, 385.68, '', NULL, '1', 1, '2025-12-16 13:35:23', '2025-12-16 13:35:23'),
(40, 'B5-NOV', 67, '2025-11-01', '2025-11-05', 9, 10, 9, 1, 300.00, '', NULL, '1', 1, '2025-12-16 13:36:38', '2025-12-16 13:36:38'),
(41, 'A6-NOV', 68, '2025-11-01', '2025-11-05', 9, 11, 10, 1, 413.13, '', NULL, '1', 1, '2025-12-16 13:40:20', '2025-12-16 13:40:20'),
(42, 'A7-NOV', 69, '2025-11-01', '2025-11-05', 9, 13, 11, 1, 300.00, 'we ka maqned guriga', NULL, '1', 1, '2025-12-16 13:41:33', '2025-12-16 13:41:33'),
(43, 'G-NOV', 70, '2025-11-01', '2025-11-05', 9, 17, 10, 1, 165.54, '', NULL, '1', 1, '2025-12-16 13:44:27', '2025-12-16 13:44:27'),
(44, 'BAQAAR A-NOV', 71, '2025-11-01', '2025-11-05', 9, 15, 13, 1, 350.00, '', NULL, '1', 1, '2025-12-16 13:44:49', '2025-12-16 13:44:49'),
(45, 'B1-NOV-2', 72, '2025-11-11', '2025-11-05', 9, 2, 2, 1, 140.91, 'kalabarka november ayee guuren', NULL, '1', 1, '2025-12-16 13:52:38', '2025-12-18 07:13:50'),
(46, 'B7-NOV', 73, '2025-11-11', '2025-11-05', 9, 14, 12, 1, 233.00, '20 beri daganyihiin', NULL, '1', 1, '2025-12-16 13:56:49', '2025-12-16 13:56:49'),
(47, 'A1-DEC', 90, '2025-12-01', '2025-12-05', 9, 1, 1, 1, 381.55, '', NULL, '1', 1, '2025-12-17 06:08:41', '2025-12-17 06:08:41'),
(48, 'A2-DEC', 91, '2025-12-01', '2025-12-05', 9, 3, 3, 1, 413.25, '', NULL, '1', 1, '2025-12-17 06:09:48', '2025-12-17 06:09:48'),
(49, 'B2-DEC', 92, '2025-12-01', '2025-12-05', 9, 4, 3, 1, 386.67, '', NULL, '1', 1, '2025-12-17 06:13:09', '2025-12-17 06:13:09'),
(50, 'A3-DEC', 93, '2025-12-01', '2025-12-05', 9, 5, 5, 1, 394.79, '', NULL, '1', 1, '2025-12-17 06:15:58', '2025-12-17 07:43:54'),
(51, 'B3-DEC', 94, '2025-12-01', '2025-12-05', 9, 6, 6, 1, 381.86, '', NULL, '1', 1, '2025-12-17 06:16:44', '2025-12-17 06:16:44'),
(52, 'A4-DEC', 95, '2025-12-01', '2025-12-05', 9, 7, 7, 1, 400.56, '', NULL, '1', 1, '2025-12-17 06:20:45', '2025-12-17 06:20:45'),
(53, 'B4-DEC', 96, '2025-12-01', '2025-12-05', 9, 8, 8, 1, 408.90, '', NULL, '1', 1, '2025-12-17 06:21:38', '2025-12-17 06:21:38'),
(54, 'A5-DEC', 97, '2025-12-01', '2025-12-05', 9, 9, 9, 1, 380.50, '', NULL, '1', 1, '2025-12-17 06:26:34', '2025-12-17 06:26:34'),
(55, 'B5-DEC', 98, '2025-12-01', '2025-12-05', 9, 10, 9, 1, 310.29, '', NULL, '1', 1, '2025-12-17 06:27:22', '2025-12-17 06:27:22'),
(56, 'A6-DEC', 99, '2025-12-01', '2025-12-05', 9, 11, 10, 1, 416.79, '', NULL, '1', 1, '2025-12-17 07:16:44', '2025-12-17 07:16:44'),
(57, 'A7-DEC', 100, '2025-12-01', '2025-12-05', 9, 13, 11, 1, 300.04, '', NULL, '1', 1, '2025-12-17 07:19:28', '2025-12-17 07:19:28'),
(58, 'B7-DEC', 101, '2025-12-01', '2025-12-05', 9, 14, 12, 1, 359.81, '', NULL, '1', 1, '2025-12-17 07:20:28', '2025-12-17 07:20:28'),
(59, 'G-DEC', 102, '2025-12-01', '2025-12-05', 9, 17, 10, 1, 425.93, '', NULL, '1', 1, '2025-12-17 07:24:10', '2025-12-17 07:24:10'),
(60, 'BAQAAR A-DEC', 103, '2025-12-01', '2025-12-05', 9, 15, 13, 1, 350.00, '', NULL, '1', 1, '2025-12-17 07:24:37', '2025-12-17 07:24:37'),
(61, 'BAQAAR B-DEC', 104, '2025-12-01', '2025-12-05', 9, 16, 14, 1, 450.00, '', NULL, '1', 1, '2025-12-17 07:25:13', '2025-12-17 07:25:13'),
(62, 'B1-DEC', 105, '2025-12-01', '2025-12-05', 9, 2, 15, 1, 233.00, '', NULL, '1', 1, '2025-12-17 07:51:57', '2025-12-17 07:51:57');

-- --------------------------------------------------------

--
-- Table structure for table `invoice_applied_credits`
--

CREATE TABLE `invoice_applied_credits` (
  `id` int(11) NOT NULL,
  `invoice_id` int(11) NOT NULL,
  `credit_memo_id` int(11) NOT NULL,
  `amount` decimal(10,2) NOT NULL,
  `description` text NOT NULL,
  `date` date NOT NULL,
  `status` enum('0','1') NOT NULL DEFAULT '1',
  `created_at` timestamp NOT NULL DEFAULT current_timestamp(),
  `updated_at` timestamp NOT NULL DEFAULT current_timestamp() ON UPDATE current_timestamp()
) ENGINE=InnoDB DEFAULT CHARSET=utf8mb4 COLLATE=utf8mb4_general_ci;

--
-- Dumping data for table `invoice_applied_credits`
--

INSERT INTO `invoice_applied_credits` (`id`, `invoice_id`, `credit_memo_id`, `amount`, `description`, `date`, `status`, `created_at`, `updated_at`) VALUES
(1, 1, 1, 150.00, 'july rent applied', '2025-07-07', '0', '2025-12-15 14:40:00', '2025-12-15 14:43:09'),
(2, 1, 1, 150.00, 'july rent applied', '2025-07-07', '1', '2025-12-15 14:43:04', '2025-12-15 14:43:04'),
(3, 2, 1, 150.00, 'APPLIED INVOICE', '2025-10-23', '1', '2025-12-16 05:05:37', '2025-12-16 05:05:37'),
(4, 15, 1, 150.00, 'SEP RENT', '2025-10-23', '1', '2025-12-16 06:11:13', '2025-12-16 06:11:13'),
(5, 16, 2, 350.00, 'SEP RENT', '2025-10-21', '1', '2025-12-16 06:12:44', '2025-12-16 06:12:44'),
(6, 29, 2, 350.00, 'oct rent', '2025-10-21', '1', '2025-12-16 08:16:55', '2025-12-16 08:16:55'),
(7, 30, 1, 150.00, 'rent oct', '2025-10-23', '1', '2025-12-16 08:18:35', '2025-12-16 08:18:35'),
(8, 43, 1, 150.00, 'nov rent', '2025-11-01', '1', '2025-12-16 13:58:17', '2025-12-16 13:58:17'),
(9, 44, 2, 350.00, 'nov rent', '2025-11-01', '1', '2025-12-16 13:59:26', '2025-12-16 13:59:26'),
(10, 38, 5, 0.16, 'CREDITS FROM PREVIOUS MONTH', '2025-11-05', '1', '2025-12-17 05:23:37', '2025-12-17 05:23:37'),
(11, 59, 1, 150.00, 'dec rent', '2025-12-01', '1', '2025-12-17 07:25:37', '2025-12-17 07:25:37'),
(12, 60, 2, 350.00, 'dec rent', '2025-12-01', '1', '2025-12-17 07:26:24', '2025-12-17 07:26:24'),
(13, 61, 3, 450.00, 'dec retn', '2025-12-01', '1', '2025-12-17 07:26:44', '2025-12-17 07:26:44'),
(14, 45, 7, 0.91, 'WRITE OFF FOR THE 140.91 INVOICE', '2025-12-24', '1', '2025-12-24 10:25:09', '2025-12-24 10:25:09');

-- --------------------------------------------------------

--
-- Table structure for table `invoice_applied_discounts`
--

CREATE TABLE `invoice_applied_discounts` (
  `id` int(11) NOT NULL,
  `reference` varchar(255) NOT NULL,
  `invoice_id` int(11) NOT NULL,
  `transaction_id` int(11) NOT NULL,
  `ar_account` int(11) NOT NULL,
  `income_account` int(11) NOT NULL,
  `amount` decimal(10,2) NOT NULL,
  `description` text NOT NULL,
  `date` date NOT NULL,
  `status` enum('0','1') NOT NULL DEFAULT '1',
  `created_at` timestamp NOT NULL DEFAULT current_timestamp(),
  `updated_at` timestamp NOT NULL DEFAULT current_timestamp() ON UPDATE current_timestamp()
) ENGINE=InnoDB DEFAULT CHARSET=utf8mb4 COLLATE=utf8mb4_general_ci;

-- --------------------------------------------------------

--
-- Table structure for table `invoice_items`
--

CREATE TABLE `invoice_items` (
  `id` int(11) NOT NULL,
  `invoice_id` int(11) NOT NULL,
  `item_id` int(11) NOT NULL,
  `item_name` varchar(250) NOT NULL,
  `previous_value` decimal(10,3) DEFAULT NULL,
  `current_value` decimal(10,3) DEFAULT NULL,
  `qty` decimal(10,3) DEFAULT NULL,
  `rate` varchar(100) DEFAULT NULL,
  `total` decimal(10,2) NOT NULL,
  `status` enum('0','1') NOT NULL DEFAULT '1',
  `created_at` timestamp NOT NULL DEFAULT current_timestamp(),
  `updated_at` timestamp NOT NULL DEFAULT current_timestamp() ON UPDATE current_timestamp()
) ENGINE=InnoDB DEFAULT CHARSET=utf8mb4 COLLATE=utf8mb4_general_ci;

--
-- Dumping data for table `invoice_items`
--

INSERT INTO `invoice_items` (`id`, `invoice_id`, `item_id`, `item_name`, `previous_value`, `current_value`, `qty`, `rate`, `total`, `status`, `created_at`, `updated_at`) VALUES
(1, 1, 1, 'MONTHLY RENT', NULL, NULL, 1.000, '150', 150.00, '1', '2025-12-15 14:14:11', '2025-12-15 14:14:11'),
(2, 2, 1, 'MONTHLY RENT', NULL, NULL, 1.000, '150', 150.00, '1', '2025-12-16 05:04:31', '2025-12-16 05:04:31'),
(3, 3, 1, 'MONTHLY RENT', NULL, NULL, 1.000, '300', 300.00, '1', '2025-12-16 05:47:16', '2025-12-16 05:47:16'),
(4, 3, 2, 'SERVICE', NULL, NULL, 1.000, '50', 50.00, '1', '2025-12-16 05:47:16', '2025-12-16 05:47:16'),
(5, 4, 1, 'MONTHLY RENT', NULL, NULL, 1.000, '300', 300.00, '1', '2025-12-16 05:48:19', '2025-12-16 05:48:19'),
(6, 4, 2, 'SERVICE', NULL, NULL, 1.000, '50', 50.00, '1', '2025-12-16 05:48:19', '2025-12-16 05:48:19'),
(7, 5, 1, 'MONTHLY RENT', NULL, NULL, 1.000, '300', 300.00, '1', '2025-12-16 05:53:58', '2025-12-16 05:53:58'),
(8, 5, 2, 'SERVICE', NULL, NULL, 1.000, '50', 50.00, '1', '2025-12-16 05:53:58', '2025-12-16 05:53:58'),
(9, 6, 1, 'MONTHLY RENT', NULL, NULL, 1.000, '300', 300.00, '1', '2025-12-16 05:54:35', '2025-12-16 05:54:35'),
(10, 6, 2, 'SERVICE', NULL, NULL, 1.000, '50', 50.00, '1', '2025-12-16 05:54:35', '2025-12-16 05:54:35'),
(11, 7, 1, 'MONTHLY RENT', NULL, NULL, 1.000, '300', 300.00, '1', '2025-12-16 05:56:55', '2025-12-16 05:56:55'),
(12, 7, 2, 'SERVICE', NULL, NULL, 1.000, '50', 50.00, '1', '2025-12-16 05:56:55', '2025-12-16 05:56:55'),
(13, 8, 1, 'MONTHLY RENT', NULL, NULL, 1.000, '300', 300.00, '1', '2025-12-16 05:57:38', '2025-12-16 05:57:38'),
(14, 8, 2, 'SERVICE', NULL, NULL, 1.000, '50', 50.00, '1', '2025-12-16 05:57:38', '2025-12-16 05:57:38'),
(15, 9, 1, 'MONTHLY RENT', NULL, NULL, 1.000, '300', 300.00, '1', '2025-12-16 05:59:50', '2025-12-16 05:59:50'),
(16, 9, 2, 'SERVICE', NULL, NULL, 1.000, '50', 50.00, '1', '2025-12-16 05:59:50', '2025-12-16 05:59:50'),
(17, 10, 1, 'MONTHLY RENT', NULL, NULL, 1.000, '175', 175.00, '1', '2025-12-16 06:01:14', '2025-12-16 06:01:14'),
(18, 11, 1, 'MONTHLY RENT', NULL, NULL, 1.000, '300', 300.00, '1', '2025-12-16 06:04:34', '2025-12-16 06:04:34'),
(19, 11, 2, 'SERVICE', NULL, NULL, 1.000, '50', 50.00, '1', '2025-12-16 06:04:34', '2025-12-16 06:04:34'),
(20, 12, 2, 'SERVICE', NULL, NULL, 1.000, '300', 300.00, '0', '2025-12-16 06:05:18', '2025-12-16 08:56:41'),
(21, 13, 1, 'MONTHLY RENT', NULL, NULL, 1.000, '300', 300.00, '1', '2025-12-16 06:07:44', '2025-12-16 06:07:44'),
(22, 13, 2, 'SERVICE', NULL, NULL, 1.000, '50', 50.00, '1', '2025-12-16 06:07:44', '2025-12-16 06:07:44'),
(23, 14, 1, 'MONTHLY RENT', NULL, NULL, 1.000, '300', 300.00, '1', '2025-12-16 06:08:24', '2025-12-16 06:08:24'),
(24, 14, 2, 'SERVICE', NULL, NULL, 1.000, '50', 50.00, '1', '2025-12-16 06:08:24', '2025-12-16 06:08:24'),
(25, 15, 1, 'MONTHLY RENT', NULL, NULL, 1.000, '150', 150.00, '1', '2025-12-16 06:10:37', '2025-12-16 06:10:37'),
(26, 16, 1, 'MONTHLY RENT', NULL, NULL, 1.000, '350', 350.00, '1', '2025-12-16 06:11:59', '2025-12-16 06:11:59'),
(27, 17, 1, 'MONTHLY RENT', NULL, NULL, 1.000, '300', 300.00, '0', '2025-12-16 07:18:05', '2025-12-16 08:00:22'),
(28, 17, 2, 'SERVICE', NULL, NULL, 1.000, '50', 50.00, '0', '2025-12-16 07:18:05', '2025-12-16 08:00:22'),
(29, 17, 9, 'ELECTRICITY', 0.000, 144.720, 144.720, '0.41', 59.34, '0', '2025-12-16 07:18:05', '2025-12-16 08:00:22'),
(30, 17, 10, 'WATER ', 0.000, 28.000, 28.000, '1.5', 42.00, '0', '2025-12-16 07:18:05', '2025-12-16 08:00:22'),
(31, 18, 1, 'MONTHLY RENT', NULL, NULL, 1.000, '300', 300.00, '0', '2025-12-16 07:20:53', '2025-12-16 08:00:51'),
(32, 18, 2, 'SERVICE', NULL, NULL, 1.000, '50', 50.00, '0', '2025-12-16 07:20:53', '2025-12-16 08:00:51'),
(33, 18, 9, 'ELECTRICITY', 0.000, 35.796, 35.800, '0.41', 14.68, '0', '2025-12-16 07:20:53', '2025-12-16 08:00:51'),
(34, 19, 1, 'MONTHLY RENT', NULL, NULL, 1.000, '300', 300.00, '1', '2025-12-16 07:25:35', '2025-12-16 07:25:35'),
(35, 19, 2, 'SERVICE', NULL, NULL, 1.000, '50', 50.00, '1', '2025-12-16 07:25:35', '2025-12-16 07:25:35'),
(36, 19, 9, 'ELECTRICITY', NULL, 138.360, 138.360, '0.41', 56.73, '1', '2025-12-16 07:25:35', '2025-12-16 07:25:35'),
(37, 19, 10, 'WATER ', NULL, 44.000, 44.000, '1.5', 66.00, '1', '2025-12-16 07:25:35', '2025-12-16 07:25:35'),
(38, 20, 1, 'MONTHLY RENT', NULL, NULL, 1.000, '300', 300.00, '0', '2025-12-16 07:26:22', '2025-12-16 08:01:53'),
(39, 20, 2, 'SERVICE', NULL, NULL, 1.000, '50', 50.00, '0', '2025-12-16 07:26:22', '2025-12-16 08:01:53'),
(40, 20, 9, 'ELECTRICITY', NULL, 114.000, 114.000, '0.41', 46.74, '0', '2025-12-16 07:26:22', '2025-12-16 08:01:53'),
(41, 20, 10, 'WATER ', NULL, 23.000, 23.000, '1', 23.00, '0', '2025-12-16 07:26:22', '2025-12-16 08:01:53'),
(42, 21, 1, 'MONTHLY RENT', NULL, NULL, 1.000, '300', 300.00, '1', '2025-12-16 07:30:10', '2025-12-16 07:30:10'),
(43, 21, 2, 'SERVICE', NULL, NULL, 1.000, '50', 50.00, '1', '2025-12-16 07:30:10', '2025-12-16 07:30:10'),
(44, 21, 9, 'ELECTRICITY', NULL, 108.770, 108.770, '0.41', 44.60, '1', '2025-12-16 07:30:10', '2025-12-16 07:30:10'),
(45, 21, 10, 'WATER ', NULL, 36.000, 36.000, '1.5', 54.00, '1', '2025-12-16 07:30:10', '2025-12-16 07:30:10'),
(46, 22, 1, 'MONTHLY RENT', NULL, NULL, 1.000, '300', 300.00, '1', '2025-12-16 07:30:48', '2025-12-16 07:30:48'),
(47, 22, 2, 'SERVICE', NULL, NULL, 1.000, '50', 50.00, '1', '2025-12-16 07:30:48', '2025-12-16 07:30:48'),
(48, 22, 9, 'ELECTRICITY', NULL, 96.000, 96.000, '0.41', 39.36, '1', '2025-12-16 07:30:48', '2025-12-16 07:30:48'),
(49, 22, 10, 'WATER ', NULL, 11.000, 11.000, '1.5', 16.50, '1', '2025-12-16 07:30:48', '2025-12-16 07:30:48'),
(50, 23, 1, 'MONTHLY RENT', NULL, NULL, 1.000, '300', 300.00, '0', '2025-12-16 07:38:36', '2025-12-16 07:41:00'),
(51, 24, 1, 'MONTHLY RENT', NULL, NULL, 1.000, '300', 300.00, '0', '2025-12-16 07:38:37', '2025-12-16 07:46:06'),
(52, 24, 2, 'SERVICE', NULL, NULL, 1.000, '50', 50.00, '0', '2025-12-16 07:38:37', '2025-12-16 07:46:06'),
(53, 23, 2, 'SERVICE', NULL, NULL, 1.000, '50', 50.00, '0', '2025-12-16 07:38:37', '2025-12-16 07:41:00'),
(54, 24, 9, 'ELECTRICITY', 0.000, 286.747, 286.750, '0.41', 117.57, '0', '2025-12-16 07:38:37', '2025-12-16 07:46:06'),
(55, 23, 9, 'ELECTRICITY', 0.000, 286.747, 286.750, '0.41', 117.57, '0', '2025-12-16 07:38:37', '2025-12-16 07:41:00'),
(56, 23, 10, 'WATER ', 0.000, 29.000, 29.000, '1.5', 43.50, '0', '2025-12-16 07:38:37', '2025-12-16 07:41:00'),
(57, 24, 10, 'WATER ', 0.000, 29.000, 29.000, '1.5', 43.50, '0', '2025-12-16 07:38:37', '2025-12-16 07:46:06'),
(58, 23, 1, 'MONTHLY RENT', NULL, NULL, 1.000, '300', 300.00, '0', '2025-12-16 07:41:00', '2025-12-16 08:03:35'),
(59, 23, 2, 'SERVICE', NULL, NULL, 1.000, '50', 50.00, '0', '2025-12-16 07:41:00', '2025-12-16 08:03:35'),
(60, 23, 9, 'ELECTRICITY', 0.000, 62.330, 62.330, '0.41', 25.56, '0', '2025-12-16 07:41:00', '2025-12-16 08:03:35'),
(61, 23, 10, 'WATER ', 0.000, 13.000, 13.000, '1.50', 19.50, '0', '2025-12-16 07:41:00', '2025-12-16 08:03:35'),
(62, 24, 1, 'MONTHLY RENT', NULL, NULL, 1.000, '300', 300.00, '0', '2025-12-16 07:46:06', '2025-12-16 07:47:42'),
(63, 24, 2, 'SERVICE', NULL, NULL, 1.000, '50', 50.00, '0', '2025-12-16 07:46:06', '2025-12-16 07:47:42'),
(64, 24, 9, 'ELECTRICITY', 0.000, 286.747, 286.750, '0.41', 117.57, '0', '2025-12-16 07:46:06', '2025-12-16 07:47:42'),
(65, 24, 10, 'WATER ', 0.000, 29.000, 29.000, '1.5', 43.50, '0', '2025-12-16 07:46:06', '2025-12-16 07:47:42'),
(66, 24, 1, 'MONTHLY RENT', NULL, NULL, 1.000, '300', 300.00, '0', '2025-12-16 07:47:42', '2025-12-16 08:02:44'),
(67, 24, 2, 'SERVICE', NULL, NULL, 1.000, '50', 50.00, '0', '2025-12-16 07:47:42', '2025-12-16 08:02:44'),
(68, 24, 9, 'ELECTRICITY', 0.000, 286.747, 286.750, '0.41', 117.57, '0', '2025-12-16 07:47:42', '2025-12-16 08:02:44'),
(69, 24, 10, 'WATER ', 0.000, 29.000, 29.000, '1.5', 43.50, '0', '2025-12-16 07:47:42', '2025-12-16 08:02:44'),
(70, 17, 1, 'MONTHLY RENT', NULL, NULL, 1.000, '300', 300.00, '1', '2025-12-16 08:00:22', '2025-12-16 08:00:22'),
(71, 17, 2, 'SERVICE', NULL, NULL, 1.000, '50', 50.00, '1', '2025-12-16 08:00:22', '2025-12-16 08:00:22'),
(72, 17, 9, 'ELECTRICITY', 0.000, 144.720, 144.720, '0.41', 59.33, '1', '2025-12-16 08:00:22', '2025-12-16 08:00:22'),
(73, 17, 10, 'WATER ', 0.000, 28.000, 28.000, '1.5', 42.00, '1', '2025-12-16 08:00:22', '2025-12-16 08:00:22'),
(74, 18, 1, 'MONTHLY RENT', NULL, NULL, 1.000, '300', 300.00, '1', '2025-12-16 08:00:51', '2025-12-16 08:00:51'),
(75, 18, 2, 'SERVICE', NULL, NULL, 1.000, '50', 50.00, '1', '2025-12-16 08:00:51', '2025-12-16 08:00:51'),
(76, 18, 9, 'ELECTRICITY', 0.000, 35.796, 35.800, '0.41', 14.67, '1', '2025-12-16 08:00:51', '2025-12-16 08:00:51'),
(77, 20, 1, 'MONTHLY RENT', NULL, NULL, 1.000, '300', 300.00, '1', '2025-12-16 08:01:53', '2025-12-16 08:01:53'),
(78, 20, 2, 'SERVICE', NULL, NULL, 1.000, '50', 50.00, '1', '2025-12-16 08:01:53', '2025-12-16 08:01:53'),
(79, 20, 9, 'ELECTRICITY', NULL, 114.000, 114.000, '0.41', 46.74, '1', '2025-12-16 08:01:53', '2025-12-16 08:01:53'),
(80, 20, 10, 'WATER ', NULL, 23.000, 23.000, '1.5', 34.50, '1', '2025-12-16 08:01:53', '2025-12-16 08:01:53'),
(81, 24, 1, 'MONTHLY RENT', NULL, NULL, 1.000, '300', 300.00, '0', '2025-12-16 08:02:44', '2025-12-16 08:05:22'),
(82, 24, 2, 'SERVICE', NULL, NULL, 1.000, '50', 50.00, '0', '2025-12-16 08:02:44', '2025-12-16 08:05:22'),
(83, 24, 9, 'ELECTRICITY', 0.000, 286.747, 286.750, '0.41', 117.60, '0', '2025-12-16 08:02:44', '2025-12-16 08:05:22'),
(84, 24, 10, 'WATER ', 0.000, 29.000, 29.000, '1.5', 43.50, '0', '2025-12-16 08:02:44', '2025-12-16 08:05:22'),
(85, 23, 1, 'MONTHLY RENT', NULL, NULL, 1.000, '300', 300.00, '1', '2025-12-16 08:03:35', '2025-12-16 08:03:35'),
(86, 23, 2, 'SERVICE', NULL, NULL, 1.000, '50', 50.00, '1', '2025-12-16 08:03:35', '2025-12-16 08:03:35'),
(87, 23, 9, 'ELECTRICITY', 0.000, 62.330, 62.330, '0.41', 25.60, '1', '2025-12-16 08:03:35', '2025-12-16 08:03:35'),
(88, 23, 10, 'WATER ', 0.000, 13.000, 13.000, '1.50', 19.50, '1', '2025-12-16 08:03:35', '2025-12-16 08:03:35'),
(89, 24, 1, 'MONTHLY RENT', NULL, NULL, 1.000, '300', 300.00, '1', '2025-12-16 08:05:22', '2025-12-16 08:05:22'),
(90, 24, 2, 'SERVICE', NULL, NULL, 1.000, '50', 50.00, '1', '2025-12-16 08:05:22', '2025-12-16 08:05:22'),
(91, 24, 9, 'ELECTRICITY', 0.000, 286.747, 286.747, '0.41', 117.60, '1', '2025-12-16 08:05:22', '2025-12-16 08:05:22'),
(92, 24, 10, 'WATER ', 0.000, 29.000, 29.000, '1.5', 43.50, '1', '2025-12-16 08:05:22', '2025-12-16 08:05:22'),
(93, 25, 1, 'MONTHLY RENT', NULL, NULL, 1.000, '300', 300.00, '1', '2025-12-16 08:06:44', '2025-12-16 08:06:44'),
(94, 25, 2, 'SERVICE', NULL, NULL, 1.000, '50', 50.00, '1', '2025-12-16 08:06:44', '2025-12-16 08:06:44'),
(95, 25, 9, 'ELECTRICITY', NULL, 132.185, 132.185, '0.41', 54.20, '1', '2025-12-16 08:06:44', '2025-12-16 08:06:44'),
(96, 25, 10, 'WATER ', NULL, 17.000, 17.000, '1', 17.00, '1', '2025-12-16 08:06:44', '2025-12-16 08:06:44'),
(97, 26, 1, 'MONTHLY RENT', NULL, NULL, 1.000, '300', 300.00, '1', '2025-12-16 08:10:09', '2025-12-16 08:10:09'),
(98, 26, 9, 'ELECTRICITY', NULL, 12.559, 12.559, '0.41', 5.15, '1', '2025-12-16 08:10:09', '2025-12-16 08:10:09'),
(99, 27, 1, 'MONTHLY RENT', NULL, NULL, 1.000, '300', 300.00, '1', '2025-12-16 08:12:19', '2025-12-16 08:12:19'),
(100, 27, 2, 'SERVICE', NULL, NULL, 1.000, '50', 50.00, '1', '2025-12-16 08:12:19', '2025-12-16 08:12:19'),
(101, 27, 9, 'ELECTRICITY', 0.000, 224.779, 224.779, '0.41', 92.16, '1', '2025-12-16 08:12:19', '2025-12-16 08:12:19'),
(102, 27, 10, 'WATER ', 0.000, 11.000, 11.000, '1', 11.00, '1', '2025-12-16 08:12:19', '2025-12-16 08:12:19'),
(103, 28, 1, 'MONTHLY RENT', NULL, NULL, 1.000, '300', 300.00, '1', '2025-12-16 08:15:06', '2025-12-16 08:15:06'),
(104, 28, 2, 'SERVICE', NULL, NULL, 1.000, '50', 50.00, '1', '2025-12-16 08:15:06', '2025-12-16 08:15:06'),
(105, 29, 1, 'MONTHLY RENT', NULL, NULL, 1.000, '350', 350.00, '1', '2025-12-16 08:16:22', '2025-12-16 08:16:22'),
(106, 30, 1, 'MONTHLY RENT', NULL, NULL, 1.000, '150', 150.00, '0', '2025-12-16 08:18:11', '2025-12-18 06:43:15'),
(107, 12, 1, 'MONTHLY RENT', NULL, NULL, 1.000, '300', 300.00, '1', '2025-12-16 08:56:41', '2025-12-16 08:56:41'),
(108, 31, 1, 'MONTHLY RENT', NULL, NULL, 1.000, '300', 300.00, '1', '2025-12-16 13:06:56', '2025-12-16 13:06:56'),
(109, 31, 2, 'SERVICE', NULL, NULL, 1.000, '50', 50.00, '1', '2025-12-16 13:06:56', '2025-12-16 13:06:56'),
(110, 31, 9, 'ELECTRICITY', 144.720, 196.850, 52.130, '0.41', 21.37, '1', '2025-12-16 13:06:56', '2025-12-16 13:06:56'),
(111, 31, 10, 'WATER ', 28.000, 39.000, 11.000, '1', 11.00, '1', '2025-12-16 13:06:56', '2025-12-16 13:06:56'),
(112, 32, 1, 'MONTHLY RENT', NULL, NULL, 1.000, '300', 300.00, '1', '2025-12-16 13:08:03', '2025-12-16 13:08:03'),
(113, 32, 2, 'SERVICE', NULL, NULL, 1.000, '50', 50.00, '1', '2025-12-16 13:08:03', '2025-12-16 13:08:03'),
(114, 32, 9, 'ELECTRICITY', 35.796, 65.920, 30.124, '0.41', 12.35, '1', '2025-12-16 13:08:03', '2025-12-16 13:08:03'),
(115, 32, 10, 'WATER ', 70.000, 89.000, 19.000, '1.5', 28.50, '1', '2025-12-16 13:08:03', '2025-12-16 13:08:03'),
(116, 33, 1, 'MONTHLY RENT', NULL, NULL, 1.000, '300', 300.00, '1', '2025-12-16 13:16:30', '2025-12-16 13:16:30'),
(117, 33, 2, 'SERVICE', NULL, NULL, 1.000, '50', 50.00, '1', '2025-12-16 13:16:30', '2025-12-16 13:16:30'),
(118, 33, 9, 'ELECTRICITY', 138.360, 216.930, 78.570, '0.41', 32.21, '1', '2025-12-16 13:16:30', '2025-12-16 13:16:30'),
(119, 33, 10, 'WATER ', 44.000, 68.000, 24.000, '1.5', 36.00, '1', '2025-12-16 13:16:30', '2025-12-16 13:16:30'),
(120, 34, 1, 'MONTHLY RENT', NULL, NULL, 1.000, '300', 300.00, '1', '2025-12-16 13:17:17', '2025-12-16 13:17:17'),
(121, 34, 2, 'SERVICE', NULL, NULL, 1.000, '50', 50.00, '1', '2025-12-16 13:17:17', '2025-12-16 13:17:17'),
(122, 34, 9, 'ELECTRICITY', 114.000, 169.140, 55.140, '0.41', 22.61, '1', '2025-12-16 13:17:17', '2025-12-16 13:17:17'),
(123, 34, 10, 'WATER ', 23.000, 35.000, 12.000, '1.5', 18.00, '1', '2025-12-16 13:17:17', '2025-12-16 13:17:17'),
(124, 35, 1, 'MONTHLY RENT', NULL, NULL, 1.000, '300', 300.00, '1', '2025-12-16 13:20:56', '2025-12-16 13:20:56'),
(125, 35, 2, 'SERVICE', NULL, NULL, 1.000, '50', 50.00, '1', '2025-12-16 13:20:56', '2025-12-16 13:20:56'),
(126, 35, 9, 'ELECTRICITY', 108.770, 160.300, 51.530, '0.41', 21.13, '1', '2025-12-16 13:20:56', '2025-12-16 13:20:56'),
(127, 35, 10, 'WATER ', 36.000, 52.000, 16.000, '1.5', 24.00, '1', '2025-12-16 13:20:56', '2025-12-16 13:20:56'),
(128, 36, 1, 'MONTHLY RENT', NULL, NULL, 1.000, '300', 300.00, '1', '2025-12-16 13:24:54', '2025-12-16 13:24:54'),
(129, 36, 2, 'SERVICE', NULL, NULL, 1.000, '50', 50.00, '1', '2025-12-16 13:24:54', '2025-12-16 13:24:54'),
(130, 36, 9, 'ELECTRICITY', 96.000, 151.820, 55.820, '0.41', 22.89, '1', '2025-12-16 13:24:54', '2025-12-16 13:24:54'),
(131, 36, 10, 'WATER ', 11.000, 15.000, 4.000, '1.5', 6.00, '1', '2025-12-16 13:24:54', '2025-12-16 13:24:54'),
(132, 37, 1, 'MONTHLY RENT', NULL, NULL, 1.000, '300', 300.00, '1', '2025-12-16 13:28:28', '2025-12-16 13:28:28'),
(133, 37, 2, 'SERVICE', NULL, NULL, 1.000, '50', 50.00, '1', '2025-12-16 13:28:28', '2025-12-16 13:28:28'),
(134, 37, 9, 'ELECTRICITY', 286.747, 391.500, 104.753, '0.41', 42.95, '1', '2025-12-16 13:28:28', '2025-12-16 13:28:28'),
(135, 37, 10, 'WATER ', 29.000, 37.000, 8.000, '1.5', 12.00, '1', '2025-12-16 13:28:28', '2025-12-16 13:28:28'),
(136, 38, 1, 'MONTHLY RENT', NULL, NULL, 1.000, '300', 300.00, '1', '2025-12-16 13:29:18', '2025-12-16 13:29:18'),
(137, 38, 2, 'SERVICE', NULL, NULL, 1.000, '50', 50.00, '1', '2025-12-16 13:29:18', '2025-12-16 13:29:18'),
(138, 38, 9, 'ELECTRICITY', 62.330, 154.180, 91.850, '0.41', 37.66, '1', '2025-12-16 13:29:18', '2025-12-16 13:29:18'),
(139, 38, 10, 'WATER ', 13.000, 30.000, 17.000, '1.5', 25.50, '1', '2025-12-16 13:29:18', '2025-12-16 13:29:18'),
(140, 39, 1, 'MONTHLY RENT', NULL, NULL, 1.000, '300', 300.00, '1', '2025-12-16 13:35:23', '2025-12-16 13:35:23'),
(141, 39, 2, 'SERVICE', NULL, NULL, 1.000, '50', 50.00, '1', '2025-12-16 13:35:23', '2025-12-16 13:35:23'),
(142, 39, 9, 'ELECTRICITY', 132.185, 186.290, 54.105, '0.41', 22.18, '1', '2025-12-16 13:35:23', '2025-12-16 13:35:23'),
(143, 39, 10, 'WATER ', 17.000, 26.000, 9.000, '1.5', 13.50, '1', '2025-12-16 13:35:23', '2025-12-16 13:35:23'),
(144, 40, 1, 'MONTHLY RENT', NULL, NULL, 1.000, '300', 300.00, '1', '2025-12-16 13:36:38', '2025-12-16 13:36:38'),
(145, 40, 9, 'ELECTRICITY', 46.380, 46.380, 0.000, '0.41', 0.00, '1', '2025-12-16 13:36:38', '2025-12-16 13:36:38'),
(146, 41, 1, 'MONTHLY RENT', NULL, NULL, 1.000, '300', 300.00, '1', '2025-12-16 13:40:20', '2025-12-16 13:40:20'),
(147, 41, 2, 'SERVICE', NULL, NULL, 1.000, '50', 50.00, '1', '2025-12-16 13:40:20', '2025-12-16 13:40:20'),
(148, 41, 9, 'ELECTRICITY', 224.779, 356.800, 132.021, '0.41', 54.13, '1', '2025-12-16 13:40:20', '2025-12-16 13:40:20'),
(149, 41, 10, 'WATER ', 11.000, 17.000, 6.000, '1.5', 9.00, '1', '2025-12-16 13:40:20', '2025-12-16 13:40:20'),
(150, 42, 1, 'MONTHLY RENT', NULL, NULL, 1.000, '300', 300.00, '1', '2025-12-16 13:41:33', '2025-12-16 13:41:33'),
(151, 43, 1, 'MONTHLY RENT', NULL, NULL, 1.000, '150', 150.00, '1', '2025-12-16 13:44:27', '2025-12-16 13:44:27'),
(152, 43, 9, 'ELECTRICITY', 12.415, 50.310, 37.895, '0.41', 15.54, '1', '2025-12-16 13:44:27', '2025-12-16 13:44:27'),
(153, 44, 1, 'MONTHLY RENT', NULL, NULL, 1.000, '350', 350.00, '1', '2025-12-16 13:44:49', '2025-12-16 13:44:49'),
(154, 45, 1, 'MONTHLY RENT', NULL, NULL, 1.000, '116.66', 116.66, '0', '2025-12-16 13:52:38', '2025-12-16 13:53:21'),
(155, 45, 9, 'ELECTRICITY', 65.920, 77.450, 11.530, '0.41', 4.73, '0', '2025-12-16 13:52:38', '2025-12-16 13:53:21'),
(156, 45, 10, 'WATER ', 89.000, 102.000, 13.000, '1.5', 19.50, '0', '2025-12-16 13:52:38', '2025-12-16 13:53:21'),
(157, 45, 1, 'MONTHLY RENT', NULL, NULL, 1.000, '116.66', 116.66, '0', '2025-12-16 13:53:21', '2025-12-16 14:00:26'),
(158, 45, 9, 'ELECTRICITY', 65.920, 77.450, 11.530, '0.41', 4.75, '0', '2025-12-16 13:53:21', '2025-12-16 14:00:26'),
(159, 45, 10, 'WATER ', 89.000, 102.000, 13.000, '1.5', 19.50, '0', '2025-12-16 13:53:21', '2025-12-16 14:00:26'),
(160, 46, 1, 'MONTHLY RENT', NULL, NULL, 1.000, '199.67', 199.67, '1', '2025-12-16 13:56:49', '2025-12-16 13:56:49'),
(161, 46, 2, 'SERVICE', NULL, NULL, 1.000, '33.33', 33.33, '1', '2025-12-16 13:56:49', '2025-12-16 13:56:49'),
(162, 45, 1, 'MONTHLY RENT', NULL, NULL, 1.000, '116.66', 116.66, '0', '2025-12-16 14:00:26', '2025-12-16 14:04:29'),
(163, 45, 9, 'ELECTRICITY', 65.920, 77.450, 11.530, '0.41', 4.75, '0', '2025-12-16 14:00:26', '2025-12-16 14:04:29'),
(164, 45, 10, 'WATER ', 89.000, 102.000, 13.000, '1.5', 19.50, '0', '2025-12-16 14:00:26', '2025-12-16 14:04:29'),
(165, 45, 1, 'MONTHLY RENT', NULL, NULL, 1.000, '116.66', 116.66, '0', '2025-12-16 14:04:29', '2025-12-18 07:13:50'),
(166, 45, 9, 'ELECTRICITY', 65.920, 77.450, 11.530, '0.41', 4.73, '0', '2025-12-16 14:04:29', '2025-12-18 07:13:50'),
(167, 45, 10, 'WATER ', 89.000, 102.000, 13.000, '1.5', 19.50, '0', '2025-12-16 14:04:29', '2025-12-18 07:13:50'),
(168, 47, 1, 'MONTHLY RENT', NULL, NULL, 1.000, '300', 300.00, '1', '2025-12-17 06:08:41', '2025-12-17 06:08:41'),
(169, 47, 2, 'SERVICE', NULL, NULL, 1.000, '50', 50.00, '1', '2025-12-17 06:08:41', '2025-12-17 06:08:41'),
(170, 47, 9, 'ELECTRICITY', 196.850, 240.880, 44.030, '0.41', 18.05, '1', '2025-12-17 06:08:41', '2025-12-17 06:08:41'),
(171, 47, 10, 'WATER ', 39.000, 48.000, 9.000, '1.5', 13.50, '1', '2025-12-17 06:08:41', '2025-12-17 06:08:41'),
(172, 48, 1, 'MONTHLY RENT', NULL, NULL, 1.000, '300', 300.00, '1', '2025-12-17 06:09:48', '2025-12-17 06:09:48'),
(173, 48, 2, 'SERVICE', NULL, NULL, 1.000, '50', 50.00, '1', '2025-12-17 06:09:48', '2025-12-17 06:09:48'),
(174, 48, 9, 'ELECTRICITY', 216.930, 290.710, 73.780, '0.41', 30.25, '1', '2025-12-17 06:09:48', '2025-12-17 06:09:48'),
(175, 48, 10, 'WATER ', 68.000, 90.000, 22.000, '1.5', 33.00, '1', '2025-12-17 06:09:48', '2025-12-17 06:09:48'),
(176, 49, 1, 'MONTHLY RENT', NULL, NULL, 1.000, '300', 300.00, '1', '2025-12-17 06:13:09', '2025-12-17 06:13:09'),
(177, 49, 2, 'SERVICE', NULL, NULL, 1.000, '50', 50.00, '1', '2025-12-17 06:13:09', '2025-12-17 06:13:09'),
(178, 49, 9, 'ELECTRICITY', 169.140, 221.990, 52.850, '0.41', 21.67, '1', '2025-12-17 06:13:09', '2025-12-17 06:13:09'),
(179, 49, 10, 'WATER ', 35.000, 45.000, 10.000, '1.5', 15.00, '1', '2025-12-17 06:13:09', '2025-12-17 06:13:09'),
(180, 50, 1, 'MONTHLY RENT', NULL, NULL, 1.000, '300', 300.00, '0', '2025-12-17 06:15:58', '2025-12-17 07:43:11'),
(181, 50, 1, 'MONTHLY RENT', NULL, NULL, 1.000, '50', 50.00, '0', '2025-12-17 06:15:58', '2025-12-17 07:43:11'),
(182, 50, 9, 'ELECTRICITY', 160.300, 207.350, 47.050, '0.41', 19.29, '0', '2025-12-17 06:15:58', '2025-12-17 07:43:11'),
(183, 50, 10, 'WATER ', 52.000, 69.000, 17.000, '1.5', 25.50, '0', '2025-12-17 06:15:58', '2025-12-17 07:43:11'),
(184, 51, 1, 'MONTHLY RENT', NULL, NULL, 1.000, '300', 300.00, '1', '2025-12-17 06:16:44', '2025-12-17 06:16:44'),
(185, 51, 2, 'SERVICE', NULL, NULL, 1.000, '50', 50.00, '1', '2025-12-17 06:16:44', '2025-12-17 06:16:44'),
(186, 51, 9, 'ELECTRICITY', 151.820, 200.260, 48.440, '0.41', 19.86, '1', '2025-12-17 06:16:44', '2025-12-17 06:16:44'),
(187, 51, 10, 'WATER ', 15.000, 23.000, 8.000, '1.5', 12.00, '1', '2025-12-17 06:16:44', '2025-12-17 06:16:44'),
(188, 52, 1, 'MONTHLY RENT', NULL, NULL, 1.000, '300', 300.00, '1', '2025-12-17 06:20:45', '2025-12-17 06:20:45'),
(189, 52, 2, 'SERVICE', NULL, NULL, 1.000, '50', 50.00, '1', '2025-12-17 06:20:45', '2025-12-17 06:20:45'),
(190, 52, 9, 'ELECTRICITY', 391.500, 485.550, 94.050, '0.41', 38.56, '1', '2025-12-17 06:20:45', '2025-12-17 06:20:45'),
(191, 52, 10, 'WATER ', 37.000, 45.000, 8.000, '1.5', 12.00, '1', '2025-12-17 06:20:45', '2025-12-17 06:20:45'),
(192, 53, 1, 'MONTHLY RENT', NULL, NULL, 1.000, '300', 300.00, '1', '2025-12-17 06:21:38', '2025-12-17 06:21:38'),
(193, 53, 2, 'SERVICE', NULL, NULL, 1.000, '50', 50.00, '1', '2025-12-17 06:21:38', '2025-12-17 06:21:38'),
(194, 53, 9, 'ELECTRICITY', 154.180, 235.640, 81.460, '0.41', 33.40, '1', '2025-12-17 06:21:38', '2025-12-17 06:21:38'),
(195, 53, 10, 'WATER ', 30.000, 47.000, 17.000, '1.5', 25.50, '1', '2025-12-17 06:21:38', '2025-12-17 06:21:38'),
(196, 54, 1, 'MONTHLY RENT', NULL, NULL, 1.000, '300', 300.00, '1', '2025-12-17 06:26:34', '2025-12-17 06:26:34'),
(197, 54, 2, 'SERVICE', NULL, NULL, 1.000, '50', 50.00, '1', '2025-12-17 06:26:34', '2025-12-17 06:26:34'),
(198, 54, 9, 'ELECTRICITY', 186.290, 238.730, 52.440, '0.41', 21.50, '1', '2025-12-17 06:26:34', '2025-12-17 06:26:34'),
(199, 54, 10, 'WATER ', 26.000, 35.000, 9.000, '1', 9.00, '1', '2025-12-17 06:26:34', '2025-12-17 06:26:34'),
(200, 55, 1, 'MONTHLY RENT', NULL, NULL, 1.000, '300', 300.00, '1', '2025-12-17 06:27:22', '2025-12-17 06:27:22'),
(201, 55, 9, 'ELECTRICITY', 46.380, 71.480, 25.100, '0.41', 10.29, '1', '2025-12-17 06:27:22', '2025-12-17 06:27:22'),
(202, 56, 1, 'MONTHLY RENT', NULL, NULL, 1.000, '300', 300.00, '1', '2025-12-17 07:16:45', '2025-12-17 07:16:45'),
(203, 56, 2, 'SERVICE', NULL, NULL, 1.000, '50', 50.00, '1', '2025-12-17 07:16:45', '2025-12-17 07:16:45'),
(204, 56, 9, 'ELECTRICITY', 356.800, 505.080, 148.280, '0.41', 60.79, '1', '2025-12-17 07:16:45', '2025-12-17 07:16:45'),
(205, 56, 10, 'WATER ', 17.000, 21.000, 4.000, '1.5', 6.00, '1', '2025-12-17 07:16:45', '2025-12-17 07:16:45'),
(206, 57, 1, 'MONTHLY RENT', NULL, NULL, 1.000, '300', 300.00, '1', '2025-12-17 07:19:28', '2025-12-17 07:19:28'),
(207, 57, 9, 'ELECTRICITY', 2.570, 2.660, 0.090, '0.41', 0.04, '1', '2025-12-17 07:19:28', '2025-12-17 07:19:28'),
(208, 58, 1, 'MONTHLY RENT', NULL, NULL, 1.000, '300', 300.00, '1', '2025-12-17 07:20:28', '2025-12-17 07:20:28'),
(209, 58, 2, 'SERVICE', NULL, NULL, 1.000, '50', 50.00, '1', '2025-12-17 07:20:28', '2025-12-17 07:20:28'),
(210, 58, 9, 'ELECTRICITY', 6.800, 19.760, 12.960, '0.41', 5.31, '1', '2025-12-17 07:20:28', '2025-12-17 07:20:28'),
(211, 58, 10, 'WATER ', NULL, 3.000, 3.000, '1.5', 4.50, '1', '2025-12-17 07:20:28', '2025-12-17 07:20:28'),
(212, 59, 1, 'MONTHLY RENT', NULL, NULL, 1.000, '150', 150.00, '1', '2025-12-17 07:24:10', '2025-12-17 07:24:10'),
(213, 59, 9, 'ELECTRICITY', 50.310, 723.310, 673.000, '0.41', 275.93, '1', '2025-12-17 07:24:10', '2025-12-17 07:24:10'),
(214, 60, 1, 'MONTHLY RENT', NULL, NULL, 1.000, '350', 350.00, '1', '2025-12-17 07:24:37', '2025-12-17 07:24:37'),
(215, 61, 1, 'MONTHLY RENT', NULL, NULL, 1.000, '450', 450.00, '1', '2025-12-17 07:25:13', '2025-12-17 07:25:13'),
(216, 50, 1, 'MONTHLY RENT', NULL, NULL, 1.000, '300', 300.00, '0', '2025-12-17 07:43:11', '2025-12-17 07:43:54'),
(217, 50, 2, 'SERVICE', NULL, NULL, 1.000, '0', 0.00, '0', '2025-12-17 07:43:11', '2025-12-17 07:43:54'),
(218, 50, 9, 'ELECTRICITY', 160.300, 207.350, 47.050, '0.41', 19.29, '0', '2025-12-17 07:43:11', '2025-12-17 07:43:54'),
(219, 50, 10, 'WATER ', 52.000, 69.000, 17.000, '1.5', 25.50, '0', '2025-12-17 07:43:11', '2025-12-17 07:43:54'),
(220, 50, 1, 'MONTHLY RENT', NULL, NULL, 1.000, '300', 300.00, '1', '2025-12-17 07:43:54', '2025-12-17 07:43:54'),
(221, 50, 2, 'SERVICE', NULL, NULL, 1.000, '50', 50.00, '1', '2025-12-17 07:43:54', '2025-12-17 07:43:54'),
(222, 50, 9, 'ELECTRICITY', 160.300, 207.350, 47.050, '0.41', 19.29, '1', '2025-12-17 07:43:54', '2025-12-17 07:43:54'),
(223, 50, 10, 'WATER ', 52.000, 69.000, 17.000, '1.5', 25.50, '1', '2025-12-17 07:43:54', '2025-12-17 07:43:54'),
(224, 62, 1, 'MONTHLY RENT', NULL, NULL, 1.000, '200', 200.00, '1', '2025-12-17 07:51:57', '2025-12-17 07:51:57'),
(225, 62, 2, 'SERVICE', NULL, NULL, 1.000, '33', 33.00, '1', '2025-12-17 07:51:57', '2025-12-17 07:51:57'),
(226, 30, 1, 'MONTHLY RENT', NULL, NULL, 1.000, '150', 150.00, '0', '2025-12-18 06:43:15', '2025-12-18 06:57:55'),
(227, 30, 10, 'WATER ', NULL, 10.000, 10.000, '1', 10.00, '0', '2025-12-18 06:43:15', '2025-12-18 06:57:55'),
(228, 30, 1, 'MONTHLY RENT', NULL, NULL, 1.000, '150', 150.00, '1', '2025-12-18 06:57:55', '2025-12-18 06:57:55'),
(229, 30, 10, 'WATER ', NULL, 10.000, 10.000, '1', 10.00, '1', '2025-12-18 06:57:55', '2025-12-18 06:57:55'),
(230, 30, 9, 'ELECTRICITY', NULL, 12.415, 12.415, '0.41', 5.00, '1', '2025-12-18 06:57:55', '2025-12-18 06:57:55'),
(231, 45, 1, 'MONTHLY RENT', NULL, NULL, 1.000, '116.66', 116.66, '1', '2025-12-18 07:13:50', '2025-12-18 07:13:50'),
(232, 45, 9, 'ELECTRICITY', 65.920, 77.450, 11.530, '0.41', 4.75, '1', '2025-12-18 07:13:50', '2025-12-18 07:13:50'),
(233, 45, 10, 'WATER ', 89.000, 102.000, 13.000, '1.5', 19.50, '1', '2025-12-18 07:13:50', '2025-12-18 07:13:50');

-- --------------------------------------------------------

--
-- Table structure for table `invoice_payments`
--

CREATE TABLE `invoice_payments` (
  `id` int(11) NOT NULL,
  `transaction_id` int(11) NOT NULL,
  `reference` varchar(255) NOT NULL,
  `date` date NOT NULL,
  `invoice_id` int(11) NOT NULL,
  `user_id` int(11) NOT NULL,
  `account_id` int(11) NOT NULL,
  `amount` decimal(10,2) NOT NULL,
  `status` enum('0','1') NOT NULL DEFAULT '1',
  `createdAt` timestamp NOT NULL DEFAULT current_timestamp(),
  `updatedAt` timestamp NOT NULL DEFAULT current_timestamp() ON UPDATE current_timestamp()
) ENGINE=InnoDB DEFAULT CHARSET=utf8mb4 COLLATE=utf8mb4_general_ci;

--
-- Dumping data for table `invoice_payments`
--

INSERT INTO `invoice_payments` (`id`, `transaction_id`, `reference`, `date`, `invoice_id`, `user_id`, `account_id`, `amount`, `status`, `createdAt`, `updatedAt`) VALUES
(1, 20, 'A1-SEP-PMT', '2025-09-01', 3, 1, 19, 350.00, '1', '2025-12-16 06:26:32', '2025-12-16 06:26:32'),
(2, 21, 'B1-SEP-PMT', '2025-09-01', 4, 1, 19, 350.00, '1', '2025-12-16 06:41:50', '2025-12-16 06:41:50'),
(3, 22, 'A2-SEP-PMT', '2025-09-01', 5, 1, 19, 350.00, '1', '2025-12-16 06:42:57', '2025-12-16 06:42:57'),
(4, 23, 'B2-SEP-PMT', '2025-09-01', 6, 1, 19, 350.00, '1', '2025-12-16 06:43:20', '2025-12-16 06:43:20'),
(5, 24, 'A3-SEP-PMT', '2025-09-01', 7, 1, 19, 350.00, '1', '2025-12-16 06:44:11', '2025-12-16 06:44:11'),
(6, 25, 'B3-SEP-PMT', '2025-09-01', 8, 1, 19, 350.00, '1', '2025-12-16 06:45:34', '2025-12-16 06:45:34'),
(7, 26, 'A4-SEP-PMT', '2025-09-01', 9, 1, 19, 350.00, '1', '2025-12-16 06:46:09', '2025-12-16 06:46:09'),
(8, 27, 'B4-SEP-PMT', '2025-09-01', 10, 1, 19, 175.00, '1', '2025-12-16 06:46:55', '2025-12-16 06:46:55'),
(9, 28, 'A6-SEP-PMT', '2025-09-01', 13, 1, 19, 350.00, '1', '2025-12-16 06:50:41', '2025-12-16 06:50:41'),
(10, 29, 'A7-SEP-PMT', '2025-09-01', 14, 1, 19, 350.00, '1', '2025-12-16 06:51:01', '2025-12-16 06:51:01'),
(11, 44, 'A1-OCT-PMT', '2025-10-01', 17, 1, 19, 451.33, '1', '2025-12-16 08:33:43', '2025-12-16 08:33:43'),
(12, 45, 'B1-OCT-PMT', '2025-10-01', 18, 1, 19, 364.67, '1', '2025-12-16 08:34:03', '2025-12-16 08:34:03'),
(13, 46, 'A2-OCT-PMT', '2025-10-01', 19, 1, 19, 472.73, '1', '2025-12-16 08:34:16', '2025-12-16 08:34:16'),
(14, 47, 'B2-OCT-PMT', '2025-10-01', 20, 1, 19, 431.24, '1', '2025-12-16 08:38:35', '2025-12-16 08:38:35'),
(15, 49, 'A3-OCT-PMT', '2025-10-01', 21, 1, 19, 448.60, '1', '2025-12-16 08:40:20', '2025-12-16 08:40:20'),
(16, 50, 'B3-OCT-PMT', '2025-10-01', 22, 1, 19, 405.86, '1', '2025-12-16 08:40:44', '2025-12-16 08:40:44'),
(17, 51, 'A4-OCT-PMT', '2025-10-01', 24, 1, 19, 511.10, '1', '2025-12-16 08:41:04', '2025-12-16 08:41:04'),
(18, 52, 'B4-OCT-PMT', '2025-10-01', 23, 1, 19, 395.10, '1', '2025-12-16 08:41:22', '2025-12-16 08:41:22'),
(19, 54, 'A5-OCT-PMT', '2025-10-01', 25, 1, 19, 71.20, '1', '2025-12-16 08:44:14', '2025-12-16 08:44:14'),
(20, 55, 'B5-OCT-PMT', '2025-10-01', 26, 1, 19, 5.15, '1', '2025-12-16 08:44:35', '2025-12-16 08:44:35'),
(21, 56, 'A6-OCT-PMT', '2025-10-01', 27, 1, 19, 458.70, '1', '2025-12-16 08:45:29', '2025-12-16 08:45:29'),
(22, 57, 'A7-OCT-PMT', '2025-10-01', 28, 1, 19, 350.00, '1', '2025-12-16 08:45:46', '2025-12-16 08:45:46'),
(23, 74, 'A7-NOV-PMT', '2025-11-01', 42, 1, 19, 300.00, '1', '2025-12-17 05:01:30', '2025-12-17 05:01:30'),
(24, 75, 'A3-NOV-PMT-DUPLICATE', '2025-11-01', 35, 1, 19, 395.13, '0', '2025-12-17 05:03:26', '2025-12-17 05:06:20'),
(25, 76, 'A3-NOV-PMT', '2025-11-01', 35, 1, 19, 395.13, '1', '2025-12-17 05:03:26', '2025-12-17 05:03:26'),
(26, 78, 'A4-NOV-PMT', '2025-11-01', 37, 1, 19, 404.95, '1', '2025-12-17 05:07:48', '2025-12-17 05:07:48'),
(27, 79, 'A6-NOV-PMT', '2025-11-01', 41, 1, 19, 350.00, '1', '2025-12-17 05:08:56', '2025-12-17 05:08:56'),
(28, 80, 'B3-NOV-PMT', '2025-11-01', 36, 1, 19, 350.00, '1', '2025-12-17 05:09:44', '2025-12-17 05:09:44'),
(29, 81, 'B1-NOV-PMT', '2025-11-04', 32, 1, 19, 419.35, '1', '2025-12-17 05:10:53', '2025-12-17 05:10:53'),
(30, 82, 'A2-NOV-PMT', '2025-11-04', 33, 1, 19, 418.21, '1', '2025-12-17 05:12:47', '2025-12-17 05:12:47'),
(31, 83, 'B2-NOV-PMT', '2025-11-04', 34, 1, 19, 390.61, '1', '2025-12-17 05:13:04', '2025-12-17 05:13:04'),
(32, 84, 'B4-NOV-PMT', '2025-11-04', 38, 1, 19, 413.00, '1', '2025-12-17 05:15:03', '2025-12-17 05:15:03'),
(33, 85, 'A1-NOV-PMT', '2025-11-05', 31, 1, 19, 387.87, '1', '2025-12-17 05:16:04', '2025-12-17 05:16:04'),
(34, 86, 'A5-NOV-PMT', '2025-11-05', 39, 1, 19, 35.68, '1', '2025-12-17 05:17:31', '2025-12-17 05:17:31'),
(35, 87, 'B3-NOV-PMT-2', '2025-11-05', 36, 1, 19, 28.89, '1', '2025-12-17 05:19:05', '2025-12-17 05:26:31'),
(36, 88, 'B7-NOV-PMT', '2025-11-11', 46, 1, 19, 233.00, '1', '2025-12-17 05:20:02', '2025-12-17 05:20:02'),
(37, 89, 'B1-NOV-PMT-2', '2025-11-11', 45, 1, 19, 140.00, '1', '2025-12-17 05:20:35', '2025-12-17 05:21:14'),
(38, 106, 'A5-DEC-PMT', '2025-12-01', 54, 1, 19, 30.50, '1', '2025-12-17 07:59:11', '2025-12-17 07:59:11'),
(39, 107, 'G-NOV-PMT-2', '2025-12-02', 43, 1, 19, 15.54, '1', '2025-12-17 08:01:37', '2025-12-17 08:01:37'),
(40, 108, 'A6-NOV-PMT/2', '2025-12-02', 41, 1, 19, 63.13, '1', '2025-12-17 08:03:02', '2025-12-17 08:03:02'),
(41, 109, 'A6-DEC-PMT', '2025-12-02', 56, 1, 19, 416.79, '1', '2025-12-17 08:04:15', '2025-12-17 08:04:15'),
(42, 110, 'G-DEC-PMT', '2025-12-02', 59, 1, 19, 275.93, '1', '2025-12-17 08:05:01', '2025-12-17 08:05:01'),
(43, 111, 'A7-DEC-PMT', '2025-12-02', 57, 1, 19, 300.00, '1', '2025-12-17 08:06:30', '2025-12-17 08:06:30'),
(44, 112, 'A4-DEC-PMT', '2025-12-02', 52, 1, 19, 400.56, '1', '2025-12-17 08:07:41', '2025-12-17 08:07:41'),
(45, 113, 'B5-DEC-PMT', '2025-12-01', 55, 1, 19, 10.29, '1', '2025-12-17 08:09:16', '2025-12-17 08:09:16'),
(46, 114, 'A2-DEC-PMT', '2025-12-02', 48, 1, 19, 413.25, '1', '2025-12-17 08:10:13', '2025-12-17 08:10:13'),
(47, 115, 'B2-DEC-PMT', '2025-12-02', 49, 1, 19, 386.67, '1', '2025-12-17 08:10:28', '2025-12-17 08:10:28'),
(48, 116, 'A3-DEC-PMT', '2025-12-03', 50, 1, 19, 394.79, '1', '2025-12-17 08:11:49', '2025-12-17 08:11:49'),
(49, 117, 'B3-DEC-PMT', '2025-12-04', 51, 1, 19, 381.86, '1', '2025-12-17 08:13:05', '2025-12-17 08:13:05'),
(50, 118, 'B4-DEC-PMT', '2025-12-04', 53, 1, 19, 408.90, '1', '2025-12-17 08:13:21', '2025-12-17 08:13:21'),
(51, 119, 'B1-DEC-PMT', '2025-12-10', 62, 1, 19, 233.00, '1', '2025-12-17 08:14:36', '2025-12-17 08:14:36'),
(52, 138, 'G-OCT-PMT-2', '2025-10-01', 30, 1, 19, 10.00, '1', '2025-12-18 06:43:39', '2025-12-18 06:43:39'),
(53, 139, 'G-OCT-PMT-3', '2025-10-01', 30, 1, 19, 5.00, '1', '2025-12-18 06:58:13', '2025-12-18 06:58:13'),
(54, 144, 'A1-DEC-PMT', '2025-12-06', 47, 1, 19, 381.55, '1', '2025-12-22 09:50:28', '2025-12-22 09:50:28'),
(55, 145, 'B7-DEC-PMT', '2025-12-06', 58, 1, 19, 359.81, '1', '2025-12-22 09:50:53', '2025-12-22 09:50:53');

-- --------------------------------------------------------

--
-- Table structure for table `items`
--

CREATE TABLE `items` (
  `id` int(11) NOT NULL,
  `name` varchar(250) NOT NULL,
  `type` enum('inventory','non inventory','service','discount','payment') NOT NULL,
  `description` text NOT NULL,
  `asset_account` int(11) DEFAULT NULL,
  `income_account` int(11) DEFAULT NULL,
  `cogs_account` int(11) DEFAULT NULL,
  `expense_account` int(11) DEFAULT NULL,
  `on_hand` decimal(10,2) NOT NULL,
  `avg_cost` decimal(10,2) NOT NULL,
  `date` date NOT NULL,
  `building_id` int(11) NOT NULL,
  `created_at` timestamp NOT NULL DEFAULT current_timestamp(),
  `updated_at` timestamp NOT NULL DEFAULT current_timestamp() ON UPDATE current_timestamp()
) ENGINE=InnoDB DEFAULT CHARSET=utf8mb4 COLLATE=utf8mb4_general_ci;

--
-- Dumping data for table `items`
--

INSERT INTO `items` (`id`, `name`, `type`, `description`, `asset_account`, `income_account`, `cogs_account`, `expense_account`, `on_hand`, `avg_cost`, `date`, `building_id`, `created_at`, `updated_at`) VALUES
(1, 'MONTHLY RENT', 'service', 'UNIT MONTHLY RENT', NULL, 7, NULL, NULL, 0.00, 0.00, '2025-12-11', 1, '2025-12-11 06:36:16', '2025-12-11 07:03:51'),
(2, 'SERVICE', 'service', 'WIISH', NULL, 8, NULL, NULL, 0.00, 0.00, '2025-12-11', 1, '2025-12-11 07:04:12', '2025-12-11 07:04:12'),
(3, 'CASH PAYMENT - GURI BARWAQO', 'payment', 'CASH PAYMENT', 4, NULL, NULL, NULL, 0.00, 0.00, '2025-12-11', 1, '2025-12-11 07:08:39', '2025-12-11 07:08:39'),
(4, 'DISCOUNT TO CUSTOMER', 'discount', '', NULL, 10, NULL, NULL, 0.00, 0.00, '2025-12-11', 1, '2025-12-11 08:26:22', '2025-12-11 08:26:22'),
(5, 'RETAINER DUE', 'service', '', NULL, 11, NULL, NULL, 0.00, 0.00, '2025-12-11', 1, '2025-12-11 11:17:21', '2025-12-11 11:17:21'),
(6, 'RETAINER APPLIED', 'service', '', NULL, 11, NULL, NULL, 0.00, 0.00, '2025-12-11', 1, '2025-12-11 11:17:48', '2025-12-11 11:17:48'),
(7, 'CREDITS APPLIED', 'service', 'CUSTOMER APPLED CREDITS ON INVOICE', NULL, 13, NULL, NULL, 0.00, 0.00, '2025-12-12', 1, '2025-12-12 10:59:57', '2025-12-12 11:00:34'),
(8, 'CREDITS EARNED', 'service', 'CUSTOMER EARNED CREDITS', NULL, 13, NULL, NULL, 0.00, 0.00, '2025-12-12', 1, '2025-12-12 10:59:57', '2025-12-12 10:59:57'),
(9, 'ELECTRICITY', 'service', '', NULL, 14, NULL, NULL, 0.00, 0.00, '2025-12-14', 1, '2025-12-14 06:32:54', '2025-12-14 06:32:54'),
(10, 'WATER ', 'service', '', NULL, 15, NULL, NULL, 0.00, 0.00, '2025-12-14', 1, '2025-12-14 06:33:11', '2025-12-14 06:33:11');

-- --------------------------------------------------------

--
-- Table structure for table `journal`
--

CREATE TABLE `journal` (
  `id` int(11) NOT NULL,
  `transaction_id` int(11) NOT NULL,
  `reference` varchar(255) NOT NULL,
  `journal_date` date NOT NULL,
  `building_id` int(11) NOT NULL,
  `memo` text DEFAULT NULL,
  `total_amount` decimal(10,2) DEFAULT NULL,
  `created_at` timestamp NOT NULL DEFAULT current_timestamp()
) ENGINE=InnoDB DEFAULT CHARSET=utf8mb4 COLLATE=utf8mb4_general_ci;

--
-- Dumping data for table `journal`
--

INSERT INTO `journal` (`id`, `transaction_id`, `reference`, `journal_date`, `building_id`, `memo`, `total_amount`, `created_at`) VALUES
(1, 140, 'AABE-SEP', '2025-09-06', 1, 'Grand elevator service Acc : 37316097', 3000.00, '2025-12-18 07:41:38'),
(2, 141, 'AABE-SEP-13', '2025-09-13', 1, 'WAAFI UGU DIRAY', 150.00, '2025-12-18 07:42:45'),
(3, 142, 'AABE-SEP-15', '2025-09-15', 1, 'BEERTA GURIGA HORTIISA', 175.00, '2025-12-18 07:43:46');

-- --------------------------------------------------------

--
-- Table structure for table `journal_lines`
--

CREATE TABLE `journal_lines` (
  `id` int(11) NOT NULL,
  `journal_id` int(11) NOT NULL,
  `account_id` int(11) NOT NULL,
  `unit_id` int(11) DEFAULT NULL,
  `people_id` int(11) DEFAULT NULL,
  `description` text DEFAULT NULL,
  `debit` decimal(10,2) DEFAULT 0.00,
  `credit` decimal(10,2) DEFAULT 0.00
) ENGINE=InnoDB DEFAULT CHARSET=utf8mb4 COLLATE=utf8mb4_general_ci;

--
-- Dumping data for table `journal_lines`
--

INSERT INTO `journal_lines` (`id`, `journal_id`, `account_id`, `unit_id`, `people_id`, `description`, `debit`, `credit`) VALUES
(1, 1, 27, NULL, NULL, 'Grand elevator service Acc : 37316097', 3000.00, 0.00),
(2, 1, 19, NULL, NULL, 'Grand elevator service Acc : 37316097', 0.00, 3000.00),
(3, 2, 27, NULL, NULL, 'WAAFI UGU DIRAY', 150.00, 0.00),
(4, 2, 19, NULL, NULL, 'WAAFI UGU DIRAY', 0.00, 150.00),
(5, 3, 27, NULL, NULL, 'BEERTA GURIGA HORTIISA', 175.00, 0.00),
(6, 3, 19, NULL, NULL, 'BEERTA GURIGA HORTIISA', 0.00, 175.00);

-- --------------------------------------------------------

--
-- Table structure for table `leases`
--

CREATE TABLE `leases` (
  `id` int(11) NOT NULL,
  `people_id` int(11) NOT NULL,
  `building_id` int(11) NOT NULL,
  `unit_id` int(11) NOT NULL,
  `start_date` date NOT NULL,
  `end_date` date DEFAULT NULL,
  `rent_amount` decimal(10,2) NOT NULL,
  `deposit_amount` decimal(10,2) NOT NULL,
  `service_amount` decimal(10,2) NOT NULL,
  `lease_terms` text NOT NULL,
  `status` enum('0','1') NOT NULL DEFAULT '1'
) ENGINE=InnoDB DEFAULT CHARSET=utf8mb4 COLLATE=utf8mb4_general_ci;

--
-- Dumping data for table `leases`
--

INSERT INTO `leases` (`id`, `people_id`, `building_id`, `unit_id`, `start_date`, `end_date`, `rent_amount`, `deposit_amount`, `service_amount`, `lease_terms`, `status`) VALUES
(1, 1, 1, 1, '2025-09-01', NULL, 300.00, 0.00, 50.00, 's', '1'),
(2, 2, 1, 2, '2025-09-01', '2025-11-15', 300.00, 0.00, 50.00, 'document', '1'),
(3, 3, 1, 3, '2025-09-01', NULL, 300.00, 0.00, 50.00, '', '1'),
(4, 3, 1, 4, '2025-09-01', NULL, 300.00, 0.00, 50.00, 'document', '1'),
(5, 5, 1, 5, '2025-09-01', NULL, 300.00, 0.00, 50.00, '', '1'),
(6, 6, 1, 6, '2025-09-01', NULL, 300.00, 0.00, 50.00, '', '1'),
(7, 7, 1, 7, '2025-09-01', NULL, 300.00, 0.00, 50.00, 'document', '1'),
(8, 11, 1, 8, '2025-09-01', '2025-12-10', 300.00, 0.00, 50.00, 'document', '0'),
(9, 9, 1, 9, '2025-09-01', NULL, 300.00, 0.00, 50.00, '', '1'),
(10, 9, 1, 10, '2025-09-01', NULL, 300.00, 0.00, 50.00, '', '1'),
(11, 10, 1, 11, '2025-09-01', NULL, 300.00, 0.00, 50.00, '', '1'),
(12, 11, 1, 13, '2025-09-11', NULL, 300.00, 0.00, 50.00, 'document', '1'),
(13, 12, 1, 14, '2025-11-11', NULL, 300.00, 0.00, 50.00, '', '1'),
(14, 8, 1, 8, '2025-09-15', NULL, 300.00, 0.00, 50.00, '', '1'),
(15, 10, 1, 17, '2025-07-01', NULL, 150.00, 0.00, 0.00, '', '1'),
(16, 13, 1, 15, '2025-10-21', NULL, 350.00, 0.00, 50.00, 'D', '1'),
(17, 14, 1, 16, '2025-12-06', NULL, 450.00, 0.00, 50.00, '', '1'),
(18, 15, 1, 2, '2025-12-15', NULL, 300.00, 0.00, 50.00, '', '1'),
(19, 15, 1, 2, '2025-12-15', NULL, 300.00, 0.00, 50.00, '', '1');

-- --------------------------------------------------------

--
-- Table structure for table `lease_files`
--

CREATE TABLE `lease_files` (
  `id` int(11) NOT NULL,
  `lease_id` int(11) NOT NULL,
  `filename` varchar(255) NOT NULL,
  `original_name` varchar(255) NOT NULL,
  `file_path` varchar(500) NOT NULL,
  `file_type` varchar(100) NOT NULL,
  `file_size` int(11) NOT NULL,
  `created_at` timestamp NOT NULL DEFAULT current_timestamp(),
  `updated_at` timestamp NOT NULL DEFAULT current_timestamp() ON UPDATE current_timestamp()
) ENGINE=InnoDB DEFAULT CHARSET=utf8mb4 COLLATE=utf8mb4_general_ci;

--
-- Dumping data for table `lease_files`
--

INSERT INTO `lease_files` (`id`, `lease_id`, `filename`, `original_name`, `file_path`, `file_type`, `file_size`, `created_at`, `updated_at`) VALUES
(1, 1, '1_1765700202141568100.pdf', 'A1.pdf', 'uploads\\leases\\building_1\\1_1765700202141568100.pdf', 'pdf', 1375290, '2025-12-14 08:16:42', '2025-12-14 08:16:42'),
(2, 2, '2_1765700721587756900.pdf', 'B1.pdf', 'uploads\\leases\\building_1\\2_1765700721587756900.pdf', 'pdf', 1401037, '2025-12-14 08:25:21', '2025-12-14 08:25:21'),
(3, 3, '3_1765700791192201800.pdf', 'A2_B2.pdf', 'uploads\\leases\\building_1\\3_1765700791192201800.pdf', 'pdf', 1349310, '2025-12-14 08:26:31', '2025-12-14 08:26:31'),
(4, 4, '4_1765700848257376400.pdf', 'A2_B2.pdf', 'uploads\\leases\\building_1\\4_1765700848257376400.pdf', 'pdf', 1349310, '2025-12-14 08:27:28', '2025-12-14 08:27:28'),
(5, 5, '5_1765700891928328600.pdf', 'A3.pdf', 'uploads\\leases\\building_1\\5_1765700891928328600.pdf', 'pdf', 1264663, '2025-12-14 08:28:11', '2025-12-14 08:28:11'),
(6, 6, '6_1765700974016303000.pdf', 'B3.pdf', 'uploads\\leases\\building_1\\6_1765700974016303000.pdf', 'pdf', 1537931, '2025-12-14 08:29:34', '2025-12-14 08:29:34'),
(7, 7, '7_1765701008608903900.pdf', 'A4.pdf', 'uploads\\leases\\building_1\\7_1765701008608903900.pdf', 'pdf', 1427687, '2025-12-14 08:30:08', '2025-12-14 08:30:08'),
(8, 8, '8_1765701115978030600.pdf', 'A7_ex_B4.pdf', 'uploads\\leases\\building_1\\8_1765701115978030600.pdf', 'pdf', 1387613, '2025-12-14 08:31:55', '2025-12-14 08:31:55'),
(9, 11, '11_1765701392567553700.pdf', 'A6.pdf', 'uploads\\leases\\building_1\\11_1765701392567553700.pdf', 'pdf', 1399619, '2025-12-14 08:36:32', '2025-12-14 08:36:32'),
(10, 12, '12_1765701490935970300.pdf', 'A7_ex_B4.pdf', 'uploads\\leases\\building_1\\12_1765701490935970300.pdf', 'pdf', 1387613, '2025-12-14 08:38:10', '2025-12-14 08:38:10'),
(11, 13, '13_1765701707299609000.pdf', 'B7.pdf', 'uploads\\leases\\building_1\\13_1765701707299609000.pdf', 'pdf', 1449226, '2025-12-14 08:41:47', '2025-12-14 08:41:47'),
(12, 14, '14_1765701763618504000.pdf', 'B4.pdf', 'uploads\\leases\\building_1\\14_1765701763618504000.pdf', 'pdf', 1441935, '2025-12-14 08:42:43', '2025-12-14 08:42:43'),
(13, 15, '15_1765701817057805100.pdf', 'A6.pdf', 'uploads\\leases\\building_1\\15_1765701817057805100.pdf', 'pdf', 1399619, '2025-12-14 08:43:37', '2025-12-14 08:43:37'),
(14, 18, '18_1765957783492334500.pdf', 'B1_faadumo_indhoy.pdf', 'uploads\\leases\\building_1\\18_1765957783492334500.pdf', 'pdf', 596732, '2025-12-17 07:49:43', '2025-12-17 07:49:43'),
(15, 19, '19_1765957783493356400.pdf', 'B1_faadumo_indhoy.pdf', 'uploads\\leases\\building_1\\19_1765957783493356400.pdf', 'pdf', 596732, '2025-12-17 07:49:43', '2025-12-17 07:49:43');

-- --------------------------------------------------------

--
-- Table structure for table `people`
--

CREATE TABLE `people` (
  `id` int(11) NOT NULL,
  `name` varchar(255) NOT NULL,
  `phone` varchar(20) NOT NULL,
  `type_id` int(11) NOT NULL,
  `building_id` int(11) NOT NULL,
  `created_at` timestamp NOT NULL DEFAULT current_timestamp(),
  `updated_at` timestamp NOT NULL DEFAULT current_timestamp()
) ENGINE=InnoDB DEFAULT CHARSET=utf8mb4 COLLATE=utf8mb4_general_ci;

--
-- Dumping data for table `people`
--

INSERT INTO `people` (`id`, `name`, `phone`, `type_id`, `building_id`, `created_at`, `updated_at`) VALUES
(1, 'C/QADIR MAXAMUD CALI', '619054477', 1, 1, '2025-12-14 07:58:41', '2025-12-14 07:58:41'),
(2, 'IQRO XASAN COSOBLE', '615579196', 1, 1, '2025-12-14 07:59:54', '2025-12-14 07:59:54'),
(3, 'C/RAXMAAN XAAMUD XASAN', '615777824', 1, 1, '2025-12-14 08:02:04', '2025-12-14 10:44:10'),
(5, 'CUMAR CISMAN MAXAMED', '615533888', 1, 1, '2025-12-14 08:05:00', '2025-12-14 08:05:00'),
(6, 'MAXAMED CALI MAXAMUD', '615853116', 1, 1, '2025-12-14 08:06:10', '2025-12-14 08:06:10'),
(7, 'C/QAADIR XASAN ADAN', '615090262', 1, 1, '2025-12-14 08:07:06', '2025-12-14 08:07:06'),
(8, 'MAXAMUD XASAN AFRAX', '615566303', 1, 1, '2025-12-14 08:07:59', '2025-12-14 08:07:59'),
(9, 'C/RASHIID MOHAMUD', '615148155', 1, 1, '2025-12-14 08:09:05', '2025-12-14 08:09:05'),
(10, 'YAXYE MAXAMED CABDI', '615444356', 1, 1, '2025-12-14 08:10:12', '2025-12-14 08:10:12'),
(11, 'AAMINO MAXAMED CABDI', '618803770', 1, 1, '2025-12-14 08:11:47', '2025-12-14 08:11:47'),
(12, 'ABDISHAKUR MAXAMED SACIID', '611086262', 1, 1, '2025-12-14 08:13:08', '2025-12-14 08:13:08'),
(13, 'ABDIRAHMAN DARISKA', '615884433', 1, 1, '2025-12-14 08:44:35', '2025-12-14 08:44:35'),
(14, 'BAQAAR B CUSTOMER', '61111111111', 1, 1, '2025-12-14 08:47:08', '2025-12-14 08:47:08'),
(15, 'FAADUMO MAXAMED INDHOOY', '615134059', 1, 1, '2025-12-17 07:46:37', '2025-12-17 07:46:37'),
(16, 'MAHDI WARDIYE', '61', 3, 1, '2025-12-18 05:39:56', '2025-12-18 05:39:56'),
(17, 'HUDEIFA ABDIRASHID', '617018699', 3, 1, '2025-12-18 05:40:15', '2025-12-18 05:40:15'),
(18, 'GABADHA NADAFADA', '61', 3, 1, '2025-12-18 05:40:31', '2025-12-18 05:40:31');

-- --------------------------------------------------------

--
-- Table structure for table `people_types`
--

CREATE TABLE `people_types` (
  `id` int(11) NOT NULL,
  `title` varchar(50) NOT NULL
) ENGINE=InnoDB DEFAULT CHARSET=utf8mb4 COLLATE=utf8mb4_general_ci;

--
-- Dumping data for table `people_types`
--

INSERT INTO `people_types` (`id`, `title`) VALUES
(1, 'customer'),
(2, 'vendor'),
(3, 'employee'),
(6, 'others');

-- --------------------------------------------------------

--
-- Table structure for table `periods`
--

CREATE TABLE `periods` (
  `id` int(11) NOT NULL,
  `period_name` varchar(50) NOT NULL,
  `start` date NOT NULL,
  `end` date NOT NULL,
  `building_id` int(11) NOT NULL,
  `is_closed` int(2) NOT NULL,
  `created_at` timestamp NOT NULL DEFAULT current_timestamp(),
  `updated_at` timestamp NOT NULL DEFAULT current_timestamp()
) ENGINE=InnoDB DEFAULT CHARSET=utf8mb4 COLLATE=utf8mb4_general_ci;

-- --------------------------------------------------------

--
-- Table structure for table `readings`
--

CREATE TABLE `readings` (
  `id` int(11) NOT NULL,
  `item_id` int(11) NOT NULL,
  `unit_id` int(11) NOT NULL,
  `lease_id` int(11) DEFAULT NULL,
  `reading_month` varchar(10) DEFAULT NULL,
  `reading_year` varchar(5) DEFAULT NULL,
  `reading_date` date NOT NULL,
  `previous_value` decimal(10,3) DEFAULT NULL,
  `current_value` decimal(10,3) DEFAULT NULL,
  `unit_price` decimal(10,2) DEFAULT NULL,
  `total_amount` decimal(10,2) DEFAULT NULL,
  `notes` text DEFAULT NULL,
  `status` enum('0','1') NOT NULL DEFAULT '1',
  `created_at` timestamp NOT NULL DEFAULT current_timestamp(),
  `updated_at` timestamp NOT NULL DEFAULT current_timestamp() ON UPDATE current_timestamp()
) ENGINE=InnoDB DEFAULT CHARSET=utf8mb4 COLLATE=utf8mb4_general_ci;

--
-- Dumping data for table `readings`
--

INSERT INTO `readings` (`id`, `item_id`, `unit_id`, `lease_id`, `reading_month`, `reading_year`, `reading_date`, `previous_value`, `current_value`, `unit_price`, `total_amount`, `notes`, `status`, `created_at`, `updated_at`) VALUES
(85, 9, 1, 1, 'september', '2025', '2025-09-30', NULL, 144.720, 0.41, 59.33, 'NULL', '1', '2025-12-15 06:13:34', '2025-12-15 06:13:34'),
(86, 9, 2, 2, 'September', '2025', '2025-09-30', NULL, 35.796, 0.41, 14.67, 'NULL', '1', '2025-12-15 06:13:34', '2025-12-15 06:13:34'),
(87, 9, 3, 3, 'September', '2025', '2025-09-30', NULL, 138.360, 0.41, 56.73, 'NULL', '1', '2025-12-15 06:13:34', '2025-12-15 06:13:34'),
(88, 9, 4, 4, 'September', '2025', '2025-09-30', NULL, 114.000, 0.41, 46.74, 'NULL', '1', '2025-12-15 06:13:34', '2025-12-15 06:13:34'),
(89, 9, 5, 5, 'September', '2025', '2025-09-30', NULL, 108.770, 0.41, 44.60, 'NULL', '1', '2025-12-15 06:13:34', '2025-12-15 06:13:34'),
(90, 9, 6, 6, 'September', '2025', '2025-09-30', NULL, 96.000, 0.41, 39.36, 'NULL', '1', '2025-12-15 06:13:34', '2025-12-15 06:13:34'),
(91, 9, 7, 7, 'September', '2025', '2025-09-30', NULL, 286.747, 0.41, 117.60, 'NULL', '1', '2025-12-15 06:13:34', '2025-12-15 06:13:34'),
(92, 9, 7, 7, 'September', '2025', '2025-09-30', NULL, 286.747, 0.41, 117.60, 'NULL', '0', '2025-12-15 06:13:34', '2025-12-15 07:15:06'),
(93, 9, 8, 14, 'September', '2025', '2025-09-30', NULL, 62.330, 0.41, 25.60, 'NULL', '1', '2025-12-15 06:13:34', '2025-12-15 13:16:25'),
(94, 9, 19, NULL, 'September', '2025', '2025-09-30', NULL, 247.390, 0.41, 101.40, 'NULL', '1', '2025-12-15 06:13:34', '2025-12-15 06:13:34'),
(95, 9, 9, 9, 'September', '2025', '2025-09-30', NULL, 132.185, 0.41, 54.20, 'NULL', '1', '2025-12-15 06:13:34', '2025-12-15 06:13:34'),
(96, 9, 10, 10, 'September', '2025', '2025-09-30', NULL, 12.559, 0.41, 5.15, 'NULL', '1', '2025-12-15 06:13:34', '2025-12-15 06:13:34'),
(97, 9, 11, 11, 'September', '2025', '2025-09-30', NULL, 224.779, 0.41, 92.20, 'NULL', '1', '2025-12-15 06:13:34', '2025-12-15 06:13:34'),
(98, 9, 12, NULL, 'September', '2025', '2025-09-30', NULL, 1.225, 0.41, 0.50, 'NULL', '1', '2025-12-15 06:13:34', '2025-12-15 07:20:48'),
(99, 9, 13, 12, 'September', '2025', '2025-09-30', NULL, 2.420, 0.41, 0.90, 'NULL', '1', '2025-12-15 06:13:34', '2025-12-15 13:21:13'),
(100, 9, 14, NULL, 'September', '2025', '2025-09-30', NULL, 6.676, 0.41, 2.70, 'NULL', '1', '2025-12-15 06:13:34', '2025-12-15 13:12:57'),
(101, 9, 17, 15, 'November', '2025', '2025-09-30', NULL, 12.415, 0.41, 5.00, 'NULL', '1', '2025-12-15 06:13:34', '2025-12-17 10:23:01'),
(102, 9, 18, NULL, 'September', '2025', '2025-09-30', NULL, 374.222, 0.41, 153.43, 'NULL', '1', '2025-12-15 06:13:34', '2025-12-15 06:13:34'),
(103, 10, 1, 1, 'September', '2025', '2025-09-30', NULL, 28.000, 1.50, 42.00, 'NULL', '1', '2025-12-15 06:13:34', '2025-12-15 06:13:34'),
(104, 10, 2, 2, 'September', '2025', '2025-09-30', NULL, 70.000, 1.00, 0.00, '70 miter cube sax ma ahan bisha ku xigto looga qiyaas qaadana biya qaldan weeye', '1', '2025-12-15 06:13:34', '2025-12-15 13:11:46'),
(105, 10, 3, 3, 'September', '2025', '2025-09-30', NULL, 44.000, 1.50, 66.00, 'NULL', '1', '2025-12-15 06:13:34', '2025-12-15 06:13:34'),
(106, 10, 4, 4, 'September', '2025', '2025-09-30', NULL, 23.000, 1.00, 34.50, 'NULL', '1', '2025-12-15 06:13:34', '2025-12-15 06:13:34'),
(107, 10, 5, 5, 'September', '2025', '2025-09-30', NULL, 36.000, 1.50, 54.00, 'NULL', '1', '2025-12-15 06:13:34', '2025-12-15 06:13:34'),
(108, 10, 6, 6, 'September', '2025', '2025-09-30', NULL, 11.000, 1.50, 16.50, 'NULL', '1', '2025-12-15 06:13:34', '2025-12-15 06:13:34'),
(109, 10, 7, 7, 'September', '2025', '2025-09-30', NULL, 29.000, 1.50, 43.50, 'NULL', '1', '2025-12-15 06:13:34', '2025-12-15 06:13:34'),
(110, 10, 8, 14, 'September', '2025', '2025-09-30', NULL, 13.000, 1.50, 19.50, 'NULL', '1', '2025-12-15 06:13:34', '2025-12-15 13:01:15'),
(111, 10, 9, 9, 'September', '2025', '2025-09-30', NULL, 17.000, 1.00, 17.00, 'NULL', '1', '2025-12-15 06:13:34', '2025-12-15 06:13:34'),
(112, 10, 11, 11, 'September', '2025', '2025-09-30', NULL, 11.000, 1.00, 16.50, 'NULL', '1', '2025-12-15 06:13:34', '2025-12-15 06:13:34'),
(113, 10, 17, 15, 'September', '2025', '2025-09-30', NULL, 10.000, 1.00, 10.00, 'NULL', '1', '2025-12-15 06:13:34', '2025-12-15 13:02:21'),
(114, 10, 1, 1, 'October', '2025', '2025-10-31', 28.000, 39.000, 1.00, 16.50, 'NULL', '1', '2025-12-15 06:13:34', '2025-12-15 06:13:34'),
(115, 10, 3, 3, 'October', '2025', '2025-10-31', 44.000, 68.000, 1.50, 36.00, 'NULL', '1', '2025-12-15 06:13:34', '2025-12-15 06:13:34'),
(116, 10, 4, 4, 'October', '2025', '2025-10-31', 23.000, 35.000, 1.50, 18.00, 'NULL', '1', '2025-12-15 06:13:34', '2025-12-15 06:13:34'),
(117, 10, 5, 5, 'October', '2025', '2025-10-31', 36.000, 52.000, 1.50, 24.00, 'NULL', '1', '2025-12-15 06:13:34', '2025-12-15 06:13:34'),
(118, 10, 6, 6, 'October', '2025', '2025-10-31', 11.000, 15.000, 1.50, 6.00, 'NULL', '1', '2025-12-15 06:13:34', '2025-12-15 06:13:34'),
(119, 10, 7, 7, 'October', '2025', '2025-10-31', 29.000, 37.000, 1.50, 12.00, 'NULL', '1', '2025-12-15 06:13:34', '2025-12-15 06:13:34'),
(120, 10, 8, 14, 'October', '2025', '2025-10-31', 13.000, 30.000, 1.50, 25.50, 'NULL', '1', '2025-12-15 06:13:34', '2025-12-15 13:29:39'),
(121, 10, 9, 9, 'October', '2025', '2025-10-31', 17.000, 26.000, 1.50, 13.50, 'NULL', '1', '2025-12-15 06:13:34', '2025-12-15 06:13:34'),
(122, 10, 11, 11, 'October', '2025', '2025-10-31', 11.000, 17.000, 1.50, 9.00, 'NULL', '1', '2025-12-15 06:13:34', '2025-12-15 06:13:34'),
(123, 9, 1, 1, 'October', '2025', '2025-10-31', 144.720, 196.850, 0.41, 21.37, 'NULL', '1', '2025-12-15 06:13:34', '2025-12-15 06:13:34'),
(124, 9, 3, 3, 'October', '2025', '2025-10-31', 138.360, 216.930, 0.41, 32.21, 'NULL', '1', '2025-12-15 06:13:34', '2025-12-15 06:13:34'),
(125, 9, 5, 5, 'October', '2025', '2025-10-31', 108.770, 160.300, 0.41, 21.13, 'NULL', '1', '2025-12-15 06:13:34', '2025-12-15 06:13:34'),
(126, 9, 7, 7, 'October', '2025', '2025-10-31', 286.747, 391.500, 0.41, 42.95, 'NULL', '1', '2025-12-15 06:13:34', '2025-12-15 06:13:34'),
(127, 9, 9, 9, 'October', '2025', '2025-10-31', 132.185, 186.290, 0.41, 22.18, 'NULL', '1', '2025-12-15 06:13:34', '2025-12-15 06:13:34'),
(128, 9, 11, 11, 'October', '2025', '2025-10-31', 224.779, 356.800, 0.41, 54.13, 'NULL', '1', '2025-12-15 06:13:34', '2025-12-15 06:13:34'),
(129, 9, 13, 12, 'October', '2025', '2025-10-31', 2.420, 2.570, 0.41, 0.06, 'NULL', '1', '2025-12-15 06:13:34', '2025-12-15 06:13:34'),
(130, 9, 2, 2, 'October', '2025', '2025-10-31', 35.796, 65.920, 0.41, 12.35, 'NULL', '1', '2025-12-15 06:13:34', '2025-12-15 06:13:34'),
(131, 9, 4, 4, 'October', '2025', '2025-10-31', 114.000, 169.140, 0.41, 22.61, 'NULL', '1', '2025-12-15 06:13:34', '2025-12-15 06:13:34'),
(132, 9, 6, 6, 'October', '2025', '2025-10-31', 96.000, 151.820, 0.41, 22.89, 'NULL', '1', '2025-12-15 06:13:34', '2025-12-15 13:25:03'),
(133, 9, 8, 14, 'October', '2025', '2025-10-31', 62.330, 154.180, 0.41, 37.66, 'NULL', '1', '2025-12-15 06:13:34', '2025-12-15 13:30:58'),
(134, 9, 10, 10, 'October', '2025', '2025-10-31', 46.380, 46.380, 0.41, 0.00, 'NULL', '1', '2025-12-15 06:13:34', '2025-12-18 07:16:34'),
(135, 9, 12, NULL, 'October', '2025', '2025-10-31', 1.225, 7.200, 0.41, 2.45, 'NULL', '1', '2025-12-15 06:13:34', '2025-12-15 13:32:01'),
(136, 9, 14, NULL, 'October', '2025', '2025-10-31', 6.676, 6.800, 0.41, 0.05, 'NULL', '1', '2025-12-15 06:13:34', '2025-12-15 13:33:41'),
(137, 9, 17, 15, 'October', '2025', '2025-10-31', 12.415, 50.310, 0.41, 15.54, 'NULL', '1', '2025-12-15 06:13:34', '2025-12-17 13:25:45'),
(138, 9, 18, NULL, 'October', '2025', '2025-10-31', 374.222, 611.580, 0.41, 97.32, 'NULL', '1', '2025-12-15 06:13:34', '2025-12-15 06:13:34'),
(139, 9, 19, NULL, 'October', '2025', '2025-10-31', 247.390, 450.000, 0.41, 83.07, 'NULL', '1', '2025-12-15 06:13:34', '2025-12-15 06:13:34'),
(140, 10, 2, 2, 'October', '2025', '2025-10-31', 70.000, 89.000, 1.50, 57.00, 'bishaan inteyso saarte baa september na lagu qoray sidas darted ba consumptionka 19+19', '1', '2025-12-15 06:13:34', '2025-12-15 06:13:34'),
(141, 9, 2, 2, 'November', '2025', '2025-11-16', 65.920, 77.450, 0.41, 4.75, 'bisha november kalabarkeed guuren', '1', '2025-12-15 06:13:34', '2025-12-15 06:13:34'),
(142, 10, 2, 2, 'November', '2025', '2025-11-16', 89.000, 102.000, 1.50, 19.50, 'november kalabarkeed guuren', '1', '2025-12-15 06:13:34', '2025-12-15 06:13:34'),
(143, 10, 1, 1, 'November', '2025', '2025-11-30', 39.000, 48.000, 1.50, 13.50, 'NULL', '1', '2025-12-15 06:13:34', '2025-12-15 06:13:34'),
(144, 10, 3, 3, 'November', '2025', '2025-11-30', 68.000, 90.000, 1.50, 33.00, 'NULL', '1', '2025-12-15 06:13:34', '2025-12-15 06:13:34'),
(145, 10, 5, 5, 'November', '2025', '2025-11-30', 52.000, 69.000, 1.50, 25.50, 'NULL', '1', '2025-12-15 06:13:34', '2025-12-15 13:44:52'),
(146, 10, 7, 7, 'November', '2025', '2025-11-30', 37.000, 45.000, 1.50, 12.00, 'NULL', '1', '2025-12-15 06:13:34', '2025-12-15 06:13:34'),
(147, 10, 9, 9, 'November', '2025', '2025-11-30', 26.000, 35.000, 1.00, 9.00, 'NULL', '1', '2025-12-15 06:13:34', '2025-12-15 06:13:34'),
(148, 10, 11, 11, 'November', '2025', '2025-11-30', 17.000, 21.000, 1.50, 6.00, 'NULL', '1', '2025-12-15 06:13:34', '2025-12-15 06:13:34'),
(149, 10, 4, 4, 'November', '2025', '2025-11-30', 35.000, 45.000, 1.50, 15.00, 'NULL', '1', '2025-12-15 06:13:34', '2025-12-15 06:13:34'),
(150, 10, 6, 6, 'November', '2025', '2025-11-30', 15.000, 23.000, 1.50, 12.00, 'NULL', '1', '2025-12-15 06:13:34', '2025-12-15 13:45:54'),
(151, 10, 8, 14, 'November', '2025', '2025-11-30', 30.000, 47.000, 1.50, 25.50, 'NULL', '1', '2025-12-15 06:13:34', '2025-12-15 13:46:40'),
(152, 9, 1, 1, 'November', '2025', '2025-11-30', 196.850, 240.880, 0.41, 18.05, 'NULL', '1', '2025-12-15 06:13:34', '2025-12-15 06:13:34'),
(153, 9, 3, 3, 'November', '2025', '2025-11-30', 216.930, 290.710, 0.41, 30.25, 'NULL', '1', '2025-12-15 06:13:34', '2025-12-15 06:13:34'),
(154, 9, 4, 4, 'November', '2025', '2025-11-30', 169.140, 221.990, 0.41, 21.67, 'NULL', '1', '2025-12-15 06:13:34', '2025-12-15 06:13:34'),
(155, 9, 5, 5, 'November', '2025', '2025-11-30', 160.300, 207.350, 0.41, 19.29, 'NULL', '1', '2025-12-15 06:13:34', '2025-12-15 13:41:24'),
(156, 9, 6, 6, 'November', '2025', '2025-11-30', 151.820, 200.260, 0.41, 19.86, 'NULL', '1', '2025-12-15 06:13:34', '2025-12-15 13:40:46'),
(157, 9, 7, 7, 'November', '2025', '2025-11-30', 391.500, 485.550, 0.41, 38.56, 'NULL', '1', '2025-12-15 06:13:34', '2025-12-15 06:13:34'),
(158, 9, 8, 14, 'November', '2025', '2025-11-30', 154.180, 235.640, 0.41, 33.40, 'NULL', '1', '2025-12-15 06:13:34', '2025-12-15 13:42:04'),
(159, 9, 9, 9, 'November', '2025', '2025-11-30', 186.290, 238.730, 0.41, 21.50, 'NULL', '1', '2025-12-15 06:13:34', '2025-12-15 06:13:34'),
(160, 9, 10, 10, 'November', '2025', '2025-11-30', 46.380, 71.480, 0.41, 10.29, 'NULL', '1', '2025-12-15 06:13:34', '2025-12-15 06:13:34'),
(161, 9, 11, 11, 'November', '2025', '2025-11-30', 356.800, 505.080, 0.41, 60.79, 'NULL', '1', '2025-12-15 06:13:34', '2025-12-15 06:13:34'),
(162, 9, 12, NULL, 'November', '2025', '2025-11-30', 7.200, 8.250, 0.41, 0.43, 'NULL', '1', '2025-12-15 06:13:34', '2025-12-15 06:13:34'),
(163, 9, 13, 12, 'November', '2025', '2025-11-30', 2.570, 2.660, 0.41, 0.04, 'NULL', '1', '2025-12-15 06:13:34', '2025-12-15 13:42:47'),
(164, 9, 14, 13, 'November', '2025', '2025-11-30', 6.800, 19.760, 0.41, 5.31, 'NULL', '1', '2025-12-15 06:13:34', '2025-12-15 13:43:27'),
(165, 9, 17, 15, 'November', '2025', '2025-11-30', 50.310, 723.310, 0.41, 275.93, 'NULL', '1', '2025-12-15 06:13:34', '2025-12-15 13:43:52'),
(166, 9, 19, NULL, 'November', '2025', '2025-11-30', 450.000, 654.860, 0.41, 83.99, 'NULL', '1', '2025-12-15 06:13:34', '2025-12-15 06:13:34'),
(167, 9, 18, NULL, 'November', '2025', '2025-11-30', 611.580, 839.850, 0.41, 93.59, 'NULL', '1', '2025-12-15 06:13:34', '2025-12-15 06:13:34'),
(168, 10, 14, 13, 'November', '2025', '2025-11-30', NULL, 3.000, 1.50, 4.50, 'NULL', '1', '2025-12-15 06:13:34', '2025-12-15 13:47:24');

-- --------------------------------------------------------

--
-- Table structure for table `receipt_items`
--

CREATE TABLE `receipt_items` (
  `id` int(11) NOT NULL,
  `receipt_id` int(11) NOT NULL,
  `item_id` int(11) NOT NULL,
  `item_name` varchar(250) NOT NULL,
  `previous_value` decimal(10,3) DEFAULT NULL,
  `current_value` decimal(10,3) DEFAULT NULL,
  `qty` decimal(10,2) DEFAULT NULL,
  `rate` varchar(100) DEFAULT NULL,
  `total` decimal(10,2) NOT NULL,
  `status` enum('0','1') NOT NULL DEFAULT '1',
  `created_at` timestamp NOT NULL DEFAULT current_timestamp(),
  `updated_at` timestamp NOT NULL DEFAULT current_timestamp() ON UPDATE current_timestamp()
) ENGINE=InnoDB DEFAULT CHARSET=utf8mb4 COLLATE=utf8mb4_general_ci;

-- --------------------------------------------------------

--
-- Table structure for table `sales_receipt`
--

CREATE TABLE `sales_receipt` (
  `id` int(11) NOT NULL,
  `receipt_no` int(11) NOT NULL,
  `transaction_id` int(11) NOT NULL,
  `receipt_date` date NOT NULL,
  `unit_id` int(11) DEFAULT NULL,
  `people_id` int(11) DEFAULT NULL,
  `user_id` int(11) NOT NULL,
  `account_id` int(11) NOT NULL,
  `amount` decimal(10,2) NOT NULL,
  `description` text DEFAULT NULL,
  `cancel_reason` text DEFAULT NULL,
  `status` enum('0','1') NOT NULL DEFAULT '1',
  `building_id` int(11) NOT NULL,
  `createdAt` timestamp NOT NULL DEFAULT current_timestamp(),
  `updatedAt` timestamp NOT NULL DEFAULT current_timestamp() ON UPDATE current_timestamp()
) ENGINE=InnoDB DEFAULT CHARSET=utf8mb4 COLLATE=utf8mb4_general_ci;

-- --------------------------------------------------------

--
-- Table structure for table `splits`
--

CREATE TABLE `splits` (
  `id` int(11) NOT NULL,
  `transaction_id` int(11) NOT NULL,
  `account_id` int(11) NOT NULL,
  `people_id` int(11) DEFAULT NULL,
  `unit_id` int(11) DEFAULT NULL,
  `debit` decimal(10,2) DEFAULT NULL,
  `credit` decimal(10,2) DEFAULT NULL,
  `status` enum('0','1') NOT NULL DEFAULT '1',
  `created_at` datetime NOT NULL DEFAULT current_timestamp(),
  `updated_at` datetime NOT NULL DEFAULT current_timestamp() ON UPDATE current_timestamp()
) ENGINE=InnoDB DEFAULT CHARSET=utf8mb4 COLLATE=utf8mb4_general_ci;

--
-- Dumping data for table `splits`
--

INSERT INTO `splits` (`id`, `transaction_id`, `account_id`, `people_id`, `unit_id`, `debit`, `credit`, `status`, `created_at`, `updated_at`) VALUES
(1, 1, 19, 10, 17, 900.00, NULL, '0', '2025-12-14 12:06:11', '2025-12-15 17:08:38'),
(2, 1, 16, 10, 17, NULL, 900.00, '0', '2025-12-14 12:06:11', '2025-12-14 12:08:43'),
(3, 1, 19, 10, 17, 900.00, NULL, '1', '2025-12-14 12:08:43', '2025-12-15 17:08:42'),
(4, 1, 9, 10, 17, NULL, 900.00, '1', '2025-12-14 12:08:43', '2025-12-14 12:08:43'),
(5, 2, 19, 10, 15, 1400.00, NULL, '0', '2025-12-14 13:28:51', '2025-12-17 11:34:26'),
(6, 2, 9, 13, 15, NULL, 1400.00, '0', '2025-12-14 13:28:51', '2025-12-17 11:34:26'),
(7, 3, 19, 14, 16, 5850.00, NULL, '1', '2025-12-15 16:53:31', '2025-12-15 17:08:57'),
(8, 3, 9, 14, 16, NULL, 5850.00, '1', '2025-12-15 16:53:31', '2025-12-15 16:53:31'),
(9, 4, 9, 10, 17, 150.00, NULL, '1', '2025-12-15 17:14:11', '2025-12-15 17:14:11'),
(10, 4, 7, 10, 17, NULL, 150.00, '1', '2025-12-15 17:14:11', '2025-12-15 17:14:11'),
(11, 5, 9, 10, 17, 150.00, NULL, '1', '2025-12-16 08:04:31', '2025-12-16 08:04:31'),
(12, 5, 7, 10, 17, NULL, 150.00, '1', '2025-12-16 08:04:31', '2025-12-16 08:04:31'),
(13, 6, 9, 1, 1, 350.00, NULL, '1', '2025-12-16 08:47:16', '2025-12-16 08:47:16'),
(14, 6, 7, 1, 1, NULL, 300.00, '1', '2025-12-16 08:47:16', '2025-12-16 08:47:16'),
(15, 6, 8, 1, 1, NULL, 50.00, '1', '2025-12-16 08:47:16', '2025-12-16 08:47:16'),
(16, 7, 9, 2, 2, 350.00, NULL, '1', '2025-12-16 08:48:19', '2025-12-16 08:48:19'),
(17, 7, 7, 2, 2, NULL, 300.00, '1', '2025-12-16 08:48:19', '2025-12-16 08:48:19'),
(18, 7, 8, 2, 2, NULL, 50.00, '1', '2025-12-16 08:48:19', '2025-12-16 08:48:19'),
(19, 8, 9, 3, 3, 350.00, NULL, '1', '2025-12-16 08:53:58', '2025-12-16 08:53:58'),
(20, 8, 7, 3, 3, NULL, 300.00, '1', '2025-12-16 08:53:58', '2025-12-16 08:53:58'),
(21, 8, 8, 3, 3, NULL, 50.00, '1', '2025-12-16 08:53:58', '2025-12-16 08:53:58'),
(22, 9, 9, 3, 4, 350.00, NULL, '1', '2025-12-16 08:54:35', '2025-12-16 08:54:35'),
(23, 9, 7, 3, 4, NULL, 300.00, '1', '2025-12-16 08:54:35', '2025-12-16 08:54:35'),
(24, 9, 8, 3, 4, NULL, 50.00, '1', '2025-12-16 08:54:35', '2025-12-16 08:54:35'),
(25, 10, 9, 5, 5, 350.00, NULL, '1', '2025-12-16 08:56:55', '2025-12-16 08:56:55'),
(26, 10, 7, 5, 5, NULL, 300.00, '1', '2025-12-16 08:56:55', '2025-12-16 08:56:55'),
(27, 10, 8, 5, 5, NULL, 50.00, '1', '2025-12-16 08:56:55', '2025-12-16 08:56:55'),
(28, 11, 9, 6, 6, 350.00, NULL, '1', '2025-12-16 08:57:38', '2025-12-16 08:57:38'),
(29, 11, 7, 6, 6, NULL, 300.00, '1', '2025-12-16 08:57:38', '2025-12-16 08:57:38'),
(30, 11, 8, 6, 6, NULL, 50.00, '1', '2025-12-16 08:57:38', '2025-12-16 08:57:38'),
(31, 12, 9, 7, 7, 350.00, NULL, '1', '2025-12-16 08:59:50', '2025-12-16 08:59:50'),
(32, 12, 7, 7, 7, NULL, 300.00, '1', '2025-12-16 08:59:50', '2025-12-16 08:59:50'),
(33, 12, 8, 7, 7, NULL, 50.00, '1', '2025-12-16 08:59:50', '2025-12-16 08:59:50'),
(34, 13, 9, 8, 8, 175.00, NULL, '1', '2025-12-16 09:01:14', '2025-12-16 09:01:14'),
(35, 13, 7, 8, 8, NULL, 175.00, '1', '2025-12-16 09:01:14', '2025-12-16 09:01:14'),
(36, 14, 9, 9, 9, 350.00, NULL, '1', '2025-12-16 09:04:34', '2025-12-16 09:04:34'),
(37, 14, 7, 9, 9, NULL, 300.00, '1', '2025-12-16 09:04:34', '2025-12-16 09:04:34'),
(38, 14, 8, 9, 9, NULL, 50.00, '1', '2025-12-16 09:04:34', '2025-12-16 09:04:34'),
(39, 15, 9, 9, 10, 300.00, NULL, '0', '2025-12-16 09:05:18', '2025-12-16 11:56:41'),
(40, 15, 8, 9, 10, NULL, 300.00, '0', '2025-12-16 09:05:18', '2025-12-16 11:56:41'),
(41, 16, 9, 10, 11, 350.00, NULL, '1', '2025-12-16 09:07:44', '2025-12-16 09:07:44'),
(42, 16, 7, 10, 11, NULL, 300.00, '1', '2025-12-16 09:07:44', '2025-12-16 09:07:44'),
(43, 16, 8, 10, 11, NULL, 50.00, '1', '2025-12-16 09:07:44', '2025-12-16 09:07:44'),
(44, 17, 9, 11, 13, 350.00, NULL, '1', '2025-12-16 09:08:24', '2025-12-16 09:08:24'),
(45, 17, 7, 11, 13, NULL, 300.00, '1', '2025-12-16 09:08:24', '2025-12-16 09:08:24'),
(46, 17, 8, 11, 13, NULL, 50.00, '1', '2025-12-16 09:08:24', '2025-12-16 09:08:24'),
(47, 18, 9, 10, 17, 150.00, NULL, '1', '2025-12-16 09:10:37', '2025-12-16 09:10:37'),
(48, 18, 7, 10, 17, NULL, 150.00, '1', '2025-12-16 09:10:37', '2025-12-16 09:10:37'),
(49, 19, 9, 13, 15, 350.00, NULL, '1', '2025-12-16 09:11:59', '2025-12-16 09:11:59'),
(50, 19, 7, 13, 15, NULL, 350.00, '1', '2025-12-16 09:11:59', '2025-12-16 09:11:59'),
(51, 20, 19, NULL, 1, 350.00, NULL, '1', '2025-12-16 09:26:32', '2025-12-16 09:29:33'),
(52, 20, 9, 1, 1, NULL, 350.00, '1', '2025-12-16 09:26:32', '2025-12-16 09:29:39'),
(53, 21, 19, NULL, 2, 350.00, NULL, '1', '2025-12-16 09:41:50', '2025-12-16 09:41:50'),
(54, 21, 9, 2, 2, NULL, 350.00, '1', '2025-12-16 09:41:50', '2025-12-16 09:41:50'),
(55, 22, 19, NULL, 3, 350.00, NULL, '1', '2025-12-16 09:42:57', '2025-12-16 09:42:57'),
(56, 22, 9, 3, 3, NULL, 350.00, '1', '2025-12-16 09:42:57', '2025-12-16 09:42:57'),
(57, 23, 19, NULL, 4, 350.00, NULL, '1', '2025-12-16 09:43:20', '2025-12-16 09:43:20'),
(58, 23, 9, 3, 4, NULL, 350.00, '1', '2025-12-16 09:43:20', '2025-12-16 09:43:20'),
(59, 24, 19, NULL, 5, 350.00, NULL, '1', '2025-12-16 09:44:11', '2025-12-16 09:44:11'),
(60, 24, 9, 5, 5, NULL, 350.00, '1', '2025-12-16 09:44:11', '2025-12-16 09:44:11'),
(61, 25, 19, NULL, 6, 350.00, NULL, '1', '2025-12-16 09:45:34', '2025-12-16 09:45:34'),
(62, 25, 9, 6, 6, NULL, 350.00, '1', '2025-12-16 09:45:34', '2025-12-16 09:45:34'),
(63, 26, 19, NULL, 7, 350.00, NULL, '1', '2025-12-16 09:46:09', '2025-12-16 09:46:09'),
(64, 26, 9, 7, 7, NULL, 350.00, '1', '2025-12-16 09:46:09', '2025-12-16 09:46:09'),
(65, 27, 19, NULL, 8, 175.00, NULL, '1', '2025-12-16 09:46:55', '2025-12-16 09:46:55'),
(66, 27, 9, 8, 8, NULL, 175.00, '1', '2025-12-16 09:46:55', '2025-12-16 09:46:55'),
(67, 28, 19, NULL, 11, 350.00, NULL, '1', '2025-12-16 09:50:41', '2025-12-16 09:50:41'),
(68, 28, 9, 10, 11, NULL, 350.00, '1', '2025-12-16 09:50:41', '2025-12-16 09:50:41'),
(69, 29, 19, NULL, 13, 350.00, NULL, '1', '2025-12-16 09:51:01', '2025-12-16 09:51:01'),
(70, 29, 9, 11, 13, NULL, 350.00, '1', '2025-12-16 09:51:01', '2025-12-16 09:51:01'),
(71, 30, 9, 1, 1, 451.34, NULL, '0', '2025-12-16 10:18:05', '2025-12-16 11:00:22'),
(72, 30, 15, 1, 1, NULL, 42.00, '0', '2025-12-16 10:18:05', '2025-12-16 11:00:22'),
(73, 30, 7, 1, 1, NULL, 300.00, '0', '2025-12-16 10:18:05', '2025-12-16 11:00:22'),
(74, 30, 8, 1, 1, NULL, 50.00, '0', '2025-12-16 10:18:05', '2025-12-16 11:00:22'),
(75, 30, 14, 1, 1, NULL, 59.34, '0', '2025-12-16 10:18:05', '2025-12-16 11:00:22'),
(76, 31, 9, 2, 2, 364.68, NULL, '0', '2025-12-16 10:20:53', '2025-12-16 11:00:51'),
(77, 31, 14, 2, 2, NULL, 14.68, '0', '2025-12-16 10:20:53', '2025-12-16 11:00:51'),
(78, 31, 7, 2, 2, NULL, 300.00, '0', '2025-12-16 10:20:53', '2025-12-16 11:00:51'),
(79, 31, 8, 2, 2, NULL, 50.00, '0', '2025-12-16 10:20:53', '2025-12-16 11:00:51'),
(80, 32, 9, 3, 3, 472.73, NULL, '1', '2025-12-16 10:25:35', '2025-12-16 10:25:35'),
(81, 32, 7, 3, 3, NULL, 300.00, '1', '2025-12-16 10:25:35', '2025-12-16 10:25:35'),
(82, 32, 8, 3, 3, NULL, 50.00, '1', '2025-12-16 10:25:35', '2025-12-16 10:25:35'),
(83, 32, 14, 3, 3, NULL, 56.73, '1', '2025-12-16 10:25:35', '2025-12-16 10:25:35'),
(84, 32, 15, 3, 3, NULL, 66.00, '1', '2025-12-16 10:25:35', '2025-12-16 10:25:35'),
(85, 33, 9, 3, 4, 419.74, NULL, '0', '2025-12-16 10:26:22', '2025-12-16 11:01:53'),
(86, 33, 8, 3, 4, NULL, 50.00, '0', '2025-12-16 10:26:22', '2025-12-16 11:01:53'),
(87, 33, 14, 3, 4, NULL, 46.74, '0', '2025-12-16 10:26:22', '2025-12-16 11:01:53'),
(88, 33, 15, 3, 4, NULL, 23.00, '0', '2025-12-16 10:26:22', '2025-12-16 11:01:53'),
(89, 33, 7, 3, 4, NULL, 300.00, '0', '2025-12-16 10:26:22', '2025-12-16 11:01:53'),
(90, 34, 9, 5, 5, 448.60, NULL, '1', '2025-12-16 10:30:10', '2025-12-16 10:30:10'),
(91, 34, 7, 5, 5, NULL, 300.00, '1', '2025-12-16 10:30:10', '2025-12-16 10:30:10'),
(92, 34, 8, 5, 5, NULL, 50.00, '1', '2025-12-16 10:30:10', '2025-12-16 10:30:10'),
(93, 34, 14, 5, 5, NULL, 44.60, '1', '2025-12-16 10:30:10', '2025-12-16 10:30:10'),
(94, 34, 15, 5, 5, NULL, 54.00, '1', '2025-12-16 10:30:10', '2025-12-16 10:30:10'),
(95, 35, 9, 6, 6, 405.86, NULL, '1', '2025-12-16 10:30:48', '2025-12-16 10:30:48'),
(96, 35, 7, 6, 6, NULL, 300.00, '1', '2025-12-16 10:30:48', '2025-12-16 10:30:48'),
(97, 35, 8, 6, 6, NULL, 50.00, '1', '2025-12-16 10:30:48', '2025-12-16 10:30:48'),
(98, 35, 14, 6, 6, NULL, 39.36, '1', '2025-12-16 10:30:48', '2025-12-16 10:30:48'),
(99, 35, 15, 6, 6, NULL, 16.50, '1', '2025-12-16 10:30:48', '2025-12-16 10:30:48'),
(100, 37, 9, 7, 7, 511.07, NULL, '0', '2025-12-16 10:38:37', '2025-12-16 10:41:00'),
(101, 37, 7, 7, 7, NULL, 300.00, '0', '2025-12-16 10:38:37', '2025-12-16 10:41:00'),
(102, 37, 8, 7, 7, NULL, 50.00, '0', '2025-12-16 10:38:37', '2025-12-16 10:41:00'),
(103, 37, 14, 7, 7, NULL, 117.57, '0', '2025-12-16 10:38:37', '2025-12-16 10:41:00'),
(104, 37, 15, 7, 7, NULL, 43.50, '0', '2025-12-16 10:38:37', '2025-12-16 10:41:00'),
(105, 36, 9, 7, 7, 511.07, NULL, '0', '2025-12-16 10:38:37', '2025-12-16 10:46:06'),
(106, 36, 15, 7, 7, NULL, 43.50, '0', '2025-12-16 10:38:37', '2025-12-16 10:46:06'),
(107, 36, 7, 7, 7, NULL, 300.00, '0', '2025-12-16 10:38:37', '2025-12-16 10:46:06'),
(108, 36, 8, 7, 7, NULL, 50.00, '0', '2025-12-16 10:38:37', '2025-12-16 10:46:06'),
(109, 36, 14, 7, 7, NULL, 117.57, '0', '2025-12-16 10:38:37', '2025-12-16 10:46:06'),
(110, 37, 9, 8, 8, 395.06, NULL, '0', '2025-12-16 10:41:00', '2025-12-16 11:03:35'),
(111, 37, 15, 8, 8, NULL, 19.50, '0', '2025-12-16 10:41:00', '2025-12-16 11:03:35'),
(112, 37, 7, 8, 8, NULL, 300.00, '0', '2025-12-16 10:41:00', '2025-12-16 11:03:35'),
(113, 37, 8, 8, 8, NULL, 50.00, '0', '2025-12-16 10:41:00', '2025-12-16 11:03:35'),
(114, 37, 14, 8, 8, NULL, 25.56, '0', '2025-12-16 10:41:00', '2025-12-16 11:03:35'),
(115, 36, 9, 7, 7, 511.07, NULL, '0', '2025-12-16 10:46:06', '2025-12-16 10:47:42'),
(116, 36, 14, 7, 7, NULL, 117.57, '0', '2025-12-16 10:46:06', '2025-12-16 10:47:42'),
(117, 36, 15, 7, 7, NULL, 43.50, '0', '2025-12-16 10:46:06', '2025-12-16 10:47:42'),
(118, 36, 7, 7, 7, NULL, 300.00, '0', '2025-12-16 10:46:06', '2025-12-16 10:47:42'),
(119, 36, 8, 7, 7, NULL, 50.00, '0', '2025-12-16 10:46:06', '2025-12-16 10:47:42'),
(120, 36, 9, 7, 7, 511.07, NULL, '0', '2025-12-16 10:47:42', '2025-12-16 11:02:44'),
(121, 36, 7, 7, 7, NULL, 300.00, '0', '2025-12-16 10:47:42', '2025-12-16 11:02:44'),
(122, 36, 8, 7, 7, NULL, 50.00, '0', '2025-12-16 10:47:42', '2025-12-16 11:02:44'),
(123, 36, 14, 7, 7, NULL, 117.57, '0', '2025-12-16 10:47:42', '2025-12-16 11:02:44'),
(124, 36, 15, 7, 7, NULL, 43.50, '0', '2025-12-16 10:47:42', '2025-12-16 11:02:44'),
(125, 30, 9, 1, 1, 451.33, NULL, '1', '2025-12-16 11:00:22', '2025-12-16 11:00:22'),
(126, 30, 7, 1, 1, NULL, 300.00, '1', '2025-12-16 11:00:22', '2025-12-16 11:00:22'),
(127, 30, 8, 1, 1, NULL, 50.00, '1', '2025-12-16 11:00:22', '2025-12-16 11:00:22'),
(128, 30, 14, 1, 1, NULL, 59.33, '1', '2025-12-16 11:00:22', '2025-12-16 11:00:22'),
(129, 30, 15, 1, 1, NULL, 42.00, '1', '2025-12-16 11:00:22', '2025-12-16 11:00:22'),
(130, 31, 9, 2, 2, 364.67, NULL, '1', '2025-12-16 11:00:51', '2025-12-16 11:00:51'),
(131, 31, 7, 2, 2, NULL, 300.00, '1', '2025-12-16 11:00:51', '2025-12-16 11:00:51'),
(132, 31, 8, 2, 2, NULL, 50.00, '1', '2025-12-16 11:00:51', '2025-12-16 11:00:51'),
(133, 31, 14, 2, 2, NULL, 14.67, '1', '2025-12-16 11:00:51', '2025-12-16 11:00:51'),
(134, 33, 9, 3, 4, 431.24, NULL, '1', '2025-12-16 11:01:53', '2025-12-16 11:01:53'),
(135, 33, 14, 3, 4, NULL, 46.74, '1', '2025-12-16 11:01:53', '2025-12-16 11:01:53'),
(136, 33, 15, 3, 4, NULL, 34.50, '1', '2025-12-16 11:01:53', '2025-12-16 11:01:53'),
(137, 33, 7, 3, 4, NULL, 300.00, '1', '2025-12-16 11:01:53', '2025-12-16 11:01:53'),
(138, 33, 8, 3, 4, NULL, 50.00, '1', '2025-12-16 11:01:53', '2025-12-16 11:01:53'),
(139, 36, 9, 7, 7, 511.10, NULL, '0', '2025-12-16 11:02:44', '2025-12-16 11:05:22'),
(140, 36, 7, 7, 7, NULL, 300.00, '0', '2025-12-16 11:02:44', '2025-12-16 11:05:22'),
(141, 36, 8, 7, 7, NULL, 50.00, '0', '2025-12-16 11:02:44', '2025-12-16 11:05:22'),
(142, 36, 14, 7, 7, NULL, 117.60, '0', '2025-12-16 11:02:44', '2025-12-16 11:05:22'),
(143, 36, 15, 7, 7, NULL, 43.50, '0', '2025-12-16 11:02:44', '2025-12-16 11:05:22'),
(144, 37, 9, 8, 8, 395.10, NULL, '1', '2025-12-16 11:03:35', '2025-12-16 11:03:35'),
(145, 37, 7, 8, 8, NULL, 300.00, '1', '2025-12-16 11:03:35', '2025-12-16 11:03:35'),
(146, 37, 8, 8, 8, NULL, 50.00, '1', '2025-12-16 11:03:35', '2025-12-16 11:03:35'),
(147, 37, 14, 8, 8, NULL, 25.60, '1', '2025-12-16 11:03:35', '2025-12-16 11:03:35'),
(148, 37, 15, 8, 8, NULL, 19.50, '1', '2025-12-16 11:03:35', '2025-12-16 11:03:35'),
(149, 36, 9, 7, 7, 511.10, NULL, '1', '2025-12-16 11:05:22', '2025-12-16 11:05:22'),
(150, 36, 7, 7, 7, NULL, 300.00, '1', '2025-12-16 11:05:22', '2025-12-16 11:05:22'),
(151, 36, 8, 7, 7, NULL, 50.00, '1', '2025-12-16 11:05:22', '2025-12-16 11:05:22'),
(152, 36, 14, 7, 7, NULL, 117.60, '1', '2025-12-16 11:05:22', '2025-12-16 11:05:22'),
(153, 36, 15, 7, 7, NULL, 43.50, '1', '2025-12-16 11:05:22', '2025-12-16 11:05:22'),
(154, 38, 9, 9, 9, 421.20, NULL, '1', '2025-12-16 11:06:44', '2025-12-16 11:06:44'),
(155, 38, 15, 9, 9, NULL, 17.00, '1', '2025-12-16 11:06:44', '2025-12-16 11:06:44'),
(156, 38, 7, 9, 9, NULL, 300.00, '1', '2025-12-16 11:06:44', '2025-12-16 11:06:44'),
(157, 38, 8, 9, 9, NULL, 50.00, '1', '2025-12-16 11:06:44', '2025-12-16 11:06:44'),
(158, 38, 14, 9, 9, NULL, 54.20, '1', '2025-12-16 11:06:44', '2025-12-16 11:06:44'),
(159, 39, 9, 9, 10, 305.15, NULL, '1', '2025-12-16 11:10:09', '2025-12-16 11:10:09'),
(160, 39, 7, 9, 10, NULL, 300.00, '1', '2025-12-16 11:10:09', '2025-12-16 11:10:09'),
(161, 39, 14, 9, 10, NULL, 5.15, '1', '2025-12-16 11:10:09', '2025-12-16 11:10:09'),
(162, 40, 9, 10, 11, 458.70, NULL, '1', '2025-12-16 11:12:19', '2025-12-16 11:12:19'),
(163, 40, 7, 10, 11, NULL, 300.00, '1', '2025-12-16 11:12:19', '2025-12-16 11:12:19'),
(164, 40, 8, 10, 11, NULL, 50.00, '1', '2025-12-16 11:12:19', '2025-12-16 11:12:19'),
(165, 40, 14, 10, 11, NULL, 92.20, '1', '2025-12-16 11:12:19', '2025-12-16 11:12:19'),
(166, 40, 15, 10, 11, NULL, 16.50, '1', '2025-12-16 11:12:19', '2025-12-16 11:12:19'),
(167, 41, 9, 11, 13, 350.00, NULL, '1', '2025-12-16 11:15:06', '2025-12-16 11:15:06'),
(168, 41, 7, 11, 13, NULL, 300.00, '1', '2025-12-16 11:15:06', '2025-12-16 11:15:06'),
(169, 41, 8, 11, 13, NULL, 50.00, '1', '2025-12-16 11:15:06', '2025-12-16 11:15:06'),
(170, 42, 9, 13, 15, 350.00, NULL, '1', '2025-12-16 11:16:22', '2025-12-16 11:16:22'),
(171, 42, 7, 13, 15, NULL, 350.00, '1', '2025-12-16 11:16:22', '2025-12-16 11:16:22'),
(172, 43, 9, 10, 17, 150.00, NULL, '0', '2025-12-16 11:18:11', '2025-12-18 09:43:15'),
(173, 43, 7, 10, 17, NULL, 150.00, '0', '2025-12-16 11:18:11', '2025-12-18 09:43:15'),
(174, 44, 19, NULL, 1, 451.33, NULL, '1', '2025-12-16 11:33:43', '2025-12-16 11:33:43'),
(175, 44, 9, 1, 1, NULL, 451.33, '1', '2025-12-16 11:33:43', '2025-12-16 11:33:43'),
(176, 45, 19, NULL, 2, 364.67, NULL, '1', '2025-12-16 11:34:03', '2025-12-16 11:34:03'),
(177, 45, 9, 2, 2, NULL, 364.67, '1', '2025-12-16 11:34:03', '2025-12-16 11:34:03'),
(178, 46, 19, NULL, 3, 472.73, NULL, '1', '2025-12-16 11:34:16', '2025-12-16 11:34:16'),
(179, 46, 9, 3, 3, NULL, 472.73, '1', '2025-12-16 11:34:16', '2025-12-16 11:34:16'),
(180, 47, 19, NULL, 4, 431.24, NULL, '1', '2025-12-16 11:38:35', '2025-12-16 11:38:35'),
(181, 47, 9, 3, 4, NULL, 431.24, '1', '2025-12-16 11:38:35', '2025-12-16 11:38:35'),
(182, 48, 19, 3, 4, 0.03, NULL, '0', '2025-12-16 11:39:39', '2025-12-16 11:43:04'),
(183, 48, 9, 3, 4, NULL, 0.03, '0', '2025-12-16 11:39:39', '2025-12-16 11:43:04'),
(184, 49, 19, NULL, 5, 448.60, NULL, '1', '2025-12-16 11:40:20', '2025-12-16 11:40:20'),
(185, 49, 9, 5, 5, NULL, 448.60, '1', '2025-12-16 11:40:20', '2025-12-16 11:40:20'),
(186, 50, 19, NULL, 6, 405.86, NULL, '1', '2025-12-16 11:40:44', '2025-12-16 11:40:44'),
(187, 50, 9, 6, 6, NULL, 405.86, '1', '2025-12-16 11:40:44', '2025-12-16 11:40:44'),
(188, 51, 19, NULL, 7, 511.10, NULL, '1', '2025-12-16 11:41:04', '2025-12-16 11:41:04'),
(189, 51, 9, 7, 7, NULL, 511.10, '1', '2025-12-16 11:41:04', '2025-12-16 11:41:04'),
(190, 52, 19, NULL, 8, 395.10, NULL, '1', '2025-12-16 11:41:22', '2025-12-16 11:41:22'),
(191, 52, 9, 8, 8, NULL, 395.10, '1', '2025-12-16 11:41:22', '2025-12-16 11:41:22'),
(192, 53, 19, 8, 8, 0.90, NULL, '1', '2025-12-16 11:42:42', '2025-12-16 11:42:42'),
(193, 53, 9, 8, 8, NULL, 0.90, '1', '2025-12-16 11:42:42', '2025-12-16 11:42:42'),
(194, 48, 19, 3, 4, 0.03, NULL, '1', '2025-12-16 11:43:04', '2025-12-16 11:43:04'),
(195, 48, 9, 3, 4, NULL, 0.03, '1', '2025-12-16 11:43:04', '2025-12-16 11:43:04'),
(196, 54, 19, NULL, 9, 71.20, NULL, '1', '2025-12-16 11:44:14', '2025-12-16 11:44:14'),
(197, 54, 9, 9, 9, NULL, 71.20, '1', '2025-12-16 11:44:14', '2025-12-16 11:44:14'),
(198, 55, 19, NULL, 10, 5.15, NULL, '1', '2025-12-16 11:44:35', '2025-12-16 11:44:35'),
(199, 55, 9, 9, 10, NULL, 5.15, '1', '2025-12-16 11:44:35', '2025-12-16 11:44:35'),
(200, 56, 19, NULL, 11, 458.70, NULL, '1', '2025-12-16 11:45:29', '2025-12-16 11:45:29'),
(201, 56, 9, 10, 11, NULL, 458.70, '1', '2025-12-16 11:45:29', '2025-12-16 11:45:29'),
(202, 57, 19, NULL, 13, 350.00, NULL, '1', '2025-12-16 11:45:46', '2025-12-16 11:45:46'),
(203, 57, 9, 11, 13, NULL, 350.00, '1', '2025-12-16 11:45:46', '2025-12-16 11:45:46'),
(204, 15, 9, 9, 10, 300.00, NULL, '1', '2025-12-16 11:56:41', '2025-12-16 11:56:41'),
(205, 15, 7, 9, 10, NULL, 300.00, '1', '2025-12-16 11:56:41', '2025-12-16 11:56:41'),
(206, 58, 9, 1, 1, 387.87, NULL, '1', '2025-12-16 16:06:56', '2025-12-16 16:06:56'),
(207, 58, 7, 1, 1, NULL, 300.00, '1', '2025-12-16 16:06:56', '2025-12-16 16:06:56'),
(208, 58, 8, 1, 1, NULL, 50.00, '1', '2025-12-16 16:06:56', '2025-12-16 16:06:56'),
(209, 58, 14, 1, 1, NULL, 21.37, '1', '2025-12-16 16:06:56', '2025-12-16 16:06:56'),
(210, 58, 15, 1, 1, NULL, 16.50, '1', '2025-12-16 16:06:56', '2025-12-16 16:06:56'),
(211, 59, 9, 2, 2, 419.35, NULL, '1', '2025-12-16 16:08:03', '2025-12-16 16:08:03'),
(212, 59, 7, 2, 2, NULL, 300.00, '1', '2025-12-16 16:08:03', '2025-12-16 16:08:03'),
(213, 59, 8, 2, 2, NULL, 50.00, '1', '2025-12-16 16:08:03', '2025-12-16 16:08:03'),
(214, 59, 14, 2, 2, NULL, 12.35, '1', '2025-12-16 16:08:03', '2025-12-16 16:08:03'),
(215, 59, 15, 2, 2, NULL, 57.00, '1', '2025-12-16 16:08:03', '2025-12-16 16:08:03'),
(216, 60, 9, 3, 3, 418.21, NULL, '1', '2025-12-16 16:16:31', '2025-12-16 16:16:31'),
(217, 60, 7, 3, 3, NULL, 300.00, '1', '2025-12-16 16:16:31', '2025-12-16 16:16:31'),
(218, 60, 8, 3, 3, NULL, 50.00, '1', '2025-12-16 16:16:31', '2025-12-16 16:16:31'),
(219, 60, 14, 3, 3, NULL, 32.21, '1', '2025-12-16 16:16:31', '2025-12-16 16:16:31'),
(220, 60, 15, 3, 3, NULL, 36.00, '1', '2025-12-16 16:16:31', '2025-12-16 16:16:31'),
(221, 61, 9, 3, 4, 390.61, NULL, '1', '2025-12-16 16:17:17', '2025-12-16 16:17:17'),
(222, 61, 14, 3, 4, NULL, 22.61, '1', '2025-12-16 16:17:17', '2025-12-16 16:17:17'),
(223, 61, 15, 3, 4, NULL, 18.00, '1', '2025-12-16 16:17:17', '2025-12-16 16:17:17'),
(224, 61, 7, 3, 4, NULL, 300.00, '1', '2025-12-16 16:17:17', '2025-12-16 16:17:17'),
(225, 61, 8, 3, 4, NULL, 50.00, '1', '2025-12-16 16:17:17', '2025-12-16 16:17:17'),
(226, 62, 9, 5, 5, 395.13, NULL, '1', '2025-12-16 16:20:56', '2025-12-16 16:20:56'),
(227, 62, 7, 5, 5, NULL, 300.00, '1', '2025-12-16 16:20:56', '2025-12-16 16:20:56'),
(228, 62, 8, 5, 5, NULL, 50.00, '1', '2025-12-16 16:20:56', '2025-12-16 16:20:56'),
(229, 62, 14, 5, 5, NULL, 21.13, '1', '2025-12-16 16:20:56', '2025-12-16 16:20:56'),
(230, 62, 15, 5, 5, NULL, 24.00, '1', '2025-12-16 16:20:56', '2025-12-16 16:20:56'),
(231, 63, 9, 6, 6, 378.89, NULL, '1', '2025-12-16 16:24:55', '2025-12-16 16:24:55'),
(232, 63, 14, 6, 6, NULL, 22.89, '1', '2025-12-16 16:24:55', '2025-12-16 16:24:55'),
(233, 63, 15, 6, 6, NULL, 6.00, '1', '2025-12-16 16:24:55', '2025-12-16 16:24:55'),
(234, 63, 7, 6, 6, NULL, 300.00, '1', '2025-12-16 16:24:55', '2025-12-16 16:24:55'),
(235, 63, 8, 6, 6, NULL, 50.00, '1', '2025-12-16 16:24:55', '2025-12-16 16:24:55'),
(236, 64, 9, 7, 7, 404.95, NULL, '1', '2025-12-16 16:28:28', '2025-12-16 16:28:28'),
(237, 64, 7, 7, 7, NULL, 300.00, '1', '2025-12-16 16:28:28', '2025-12-16 16:28:28'),
(238, 64, 8, 7, 7, NULL, 50.00, '1', '2025-12-16 16:28:28', '2025-12-16 16:28:28'),
(239, 64, 14, 7, 7, NULL, 42.95, '1', '2025-12-16 16:28:28', '2025-12-16 16:28:28'),
(240, 64, 15, 7, 7, NULL, 12.00, '1', '2025-12-16 16:28:28', '2025-12-16 16:28:28'),
(241, 65, 9, 8, 8, 413.16, NULL, '1', '2025-12-16 16:29:18', '2025-12-16 16:29:18'),
(242, 65, 7, 8, 8, NULL, 300.00, '1', '2025-12-16 16:29:18', '2025-12-16 16:29:18'),
(243, 65, 8, 8, 8, NULL, 50.00, '1', '2025-12-16 16:29:18', '2025-12-16 16:29:18'),
(244, 65, 14, 8, 8, NULL, 37.66, '1', '2025-12-16 16:29:18', '2025-12-16 16:29:18'),
(245, 65, 15, 8, 8, NULL, 25.50, '1', '2025-12-16 16:29:18', '2025-12-16 16:29:18'),
(246, 66, 9, 9, 9, 385.68, NULL, '1', '2025-12-16 16:35:23', '2025-12-16 16:35:23'),
(247, 66, 14, 9, 9, NULL, 22.18, '1', '2025-12-16 16:35:23', '2025-12-16 16:35:23'),
(248, 66, 15, 9, 9, NULL, 13.50, '1', '2025-12-16 16:35:23', '2025-12-16 16:35:23'),
(249, 66, 7, 9, 9, NULL, 300.00, '1', '2025-12-16 16:35:23', '2025-12-16 16:35:23'),
(250, 66, 8, 9, 9, NULL, 50.00, '1', '2025-12-16 16:35:23', '2025-12-16 16:35:23'),
(251, 67, 9, 9, 10, 300.00, NULL, '1', '2025-12-16 16:36:38', '2025-12-16 16:36:38'),
(252, 67, 7, 9, 10, NULL, 300.00, '1', '2025-12-16 16:36:38', '2025-12-16 16:36:38'),
(253, 67, 14, 9, 10, NULL, 0.00, '1', '2025-12-16 16:36:38', '2025-12-16 16:36:38'),
(254, 68, 9, 10, 11, 413.13, NULL, '1', '2025-12-16 16:40:20', '2025-12-16 16:40:20'),
(255, 68, 14, 10, 11, NULL, 54.13, '1', '2025-12-16 16:40:20', '2025-12-16 16:40:20'),
(256, 68, 15, 10, 11, NULL, 9.00, '1', '2025-12-16 16:40:20', '2025-12-16 16:40:20'),
(257, 68, 7, 10, 11, NULL, 300.00, '1', '2025-12-16 16:40:20', '2025-12-16 16:40:20'),
(258, 68, 8, 10, 11, NULL, 50.00, '1', '2025-12-16 16:40:20', '2025-12-16 16:40:20'),
(259, 69, 9, 11, 13, 300.00, NULL, '1', '2025-12-16 16:41:33', '2025-12-16 16:41:33'),
(260, 69, 7, 11, 13, NULL, 300.00, '1', '2025-12-16 16:41:33', '2025-12-16 16:41:33'),
(261, 70, 9, 10, 17, 165.54, NULL, '1', '2025-12-16 16:44:27', '2025-12-16 16:44:27'),
(262, 70, 7, 10, 17, NULL, 150.00, '1', '2025-12-16 16:44:27', '2025-12-16 16:44:27'),
(263, 70, 14, 10, 17, NULL, 15.54, '1', '2025-12-16 16:44:27', '2025-12-16 16:44:27'),
(264, 71, 9, 13, 15, 350.00, NULL, '1', '2025-12-16 16:44:49', '2025-12-16 16:44:49'),
(265, 71, 7, 13, 15, NULL, 350.00, '1', '2025-12-16 16:44:49', '2025-12-16 16:44:49'),
(266, 72, 9, 2, 2, 140.91, NULL, '0', '2025-12-16 16:52:38', '2025-12-16 16:53:21'),
(267, 72, 7, 2, 2, NULL, 116.66, '0', '2025-12-16 16:52:38', '2025-12-16 16:53:21'),
(268, 72, 14, 2, 2, NULL, 4.75, '0', '2025-12-16 16:52:38', '2025-12-16 16:53:21'),
(269, 72, 15, 2, 2, NULL, 19.50, '0', '2025-12-16 16:52:38', '2025-12-16 16:53:21'),
(270, 72, 9, 2, 2, 140.91, NULL, '0', '2025-12-16 16:53:21', '2025-12-16 17:00:26'),
(271, 72, 7, 2, 2, NULL, 116.66, '0', '2025-12-16 16:53:21', '2025-12-16 17:00:26'),
(272, 72, 14, 2, 2, NULL, 4.75, '0', '2025-12-16 16:53:21', '2025-12-16 17:00:26'),
(273, 72, 15, 2, 2, NULL, 19.50, '0', '2025-12-16 16:53:21', '2025-12-16 17:00:26'),
(274, 73, 9, 12, 14, 233.00, NULL, '1', '2025-12-16 16:56:49', '2025-12-16 16:56:49'),
(275, 73, 7, 12, 14, NULL, 199.67, '1', '2025-12-16 16:56:49', '2025-12-16 16:56:49'),
(276, 73, 8, 12, 14, NULL, 33.33, '1', '2025-12-16 16:56:49', '2025-12-16 16:56:49'),
(277, 72, 9, 2, 2, 140.91, NULL, '0', '2025-12-16 17:00:26', '2025-12-16 17:04:29'),
(278, 72, 7, 2, 2, NULL, 116.66, '0', '2025-12-16 17:00:26', '2025-12-16 17:04:29'),
(279, 72, 14, 2, 2, NULL, 4.75, '0', '2025-12-16 17:00:26', '2025-12-16 17:04:29'),
(280, 72, 15, 2, 2, NULL, 19.50, '0', '2025-12-16 17:00:26', '2025-12-16 17:04:29'),
(281, 72, 9, 2, 2, 140.89, NULL, '0', '2025-12-16 17:04:29', '2025-12-18 10:13:50'),
(282, 72, 14, 2, 2, NULL, 4.73, '0', '2025-12-16 17:04:29', '2025-12-18 10:13:50'),
(283, 72, 15, 2, 2, NULL, 19.50, '0', '2025-12-16 17:04:29', '2025-12-18 10:13:50'),
(284, 72, 7, 2, 2, NULL, 116.66, '0', '2025-12-16 17:04:29', '2025-12-18 10:13:50'),
(285, 74, 19, NULL, 13, 300.00, NULL, '1', '2025-12-17 08:01:30', '2025-12-17 08:01:30'),
(286, 74, 9, 11, 13, NULL, 300.00, '1', '2025-12-17 08:01:30', '2025-12-17 08:01:30'),
(287, 75, 19, NULL, 5, 395.13, NULL, '0', '2025-12-17 08:03:26', '2025-12-17 08:06:20'),
(288, 75, 9, 5, 5, NULL, 395.13, '0', '2025-12-17 08:03:26', '2025-12-17 08:06:20'),
(289, 76, 19, NULL, 5, 395.13, NULL, '1', '2025-12-17 08:03:26', '2025-12-17 08:03:26'),
(290, 76, 9, 5, 5, NULL, 395.13, '1', '2025-12-17 08:03:26', '2025-12-17 08:03:26'),
(291, 77, 19, 5, 5, 0.87, NULL, '1', '2025-12-17 08:04:37', '2025-12-17 08:04:37'),
(292, 77, 9, 5, 5, NULL, 0.87, '1', '2025-12-17 08:04:37', '2025-12-17 08:04:37'),
(293, 75, 19, NULL, 5, 395.13, NULL, '0', '2025-12-17 08:06:20', '2025-12-17 08:06:20'),
(294, 75, 9, 5, 5, NULL, 395.13, '0', '2025-12-17 08:06:20', '2025-12-17 08:06:20'),
(295, 75, 19, NULL, 5, 395.13, NULL, '0', '2025-12-17 08:06:20', '2025-12-17 08:45:18'),
(296, 75, 9, 5, 5, NULL, 395.13, '0', '2025-12-17 08:06:20', '2025-12-17 08:45:18'),
(297, 78, 19, NULL, 7, 404.95, NULL, '1', '2025-12-17 08:07:48', '2025-12-17 08:07:48'),
(298, 78, 9, 7, 7, NULL, 404.95, '1', '2025-12-17 08:07:48', '2025-12-17 08:07:48'),
(299, 79, 19, NULL, 11, 350.00, NULL, '1', '2025-12-17 08:08:56', '2025-12-17 08:08:56'),
(300, 79, 9, 10, 11, NULL, 350.00, '1', '2025-12-17 08:08:56', '2025-12-17 08:08:56'),
(301, 80, 19, NULL, 6, 350.00, NULL, '1', '2025-12-17 08:09:44', '2025-12-17 08:09:44'),
(302, 80, 9, 6, 6, NULL, 350.00, '1', '2025-12-17 08:09:44', '2025-12-17 08:09:44'),
(303, 81, 19, NULL, 2, 419.35, NULL, '1', '2025-12-17 08:10:53', '2025-12-17 08:10:53'),
(304, 81, 9, 2, 2, NULL, 419.35, '1', '2025-12-17 08:10:53', '2025-12-17 08:10:53'),
(305, 82, 19, NULL, 3, 418.21, NULL, '1', '2025-12-17 08:12:47', '2025-12-17 08:12:47'),
(306, 82, 9, 3, 3, NULL, 418.21, '1', '2025-12-17 08:12:47', '2025-12-17 08:12:47'),
(307, 83, 19, NULL, 4, 390.61, NULL, '1', '2025-12-17 08:13:04', '2025-12-17 08:13:04'),
(308, 83, 9, 3, 4, NULL, 390.61, '1', '2025-12-17 08:13:04', '2025-12-17 08:13:04'),
(309, 84, 19, NULL, 8, 413.00, NULL, '1', '2025-12-17 08:15:03', '2025-12-17 08:15:03'),
(310, 84, 9, 8, 8, NULL, 413.00, '1', '2025-12-17 08:15:03', '2025-12-17 08:15:03'),
(311, 85, 19, NULL, 1, 387.87, NULL, '1', '2025-12-17 08:16:04', '2025-12-17 08:16:04'),
(312, 85, 9, 1, 1, NULL, 387.87, '1', '2025-12-17 08:16:04', '2025-12-17 08:16:04'),
(313, 86, 19, NULL, 9, 35.68, NULL, '1', '2025-12-17 08:17:31', '2025-12-17 08:17:31'),
(314, 86, 9, 9, 9, NULL, 35.68, '1', '2025-12-17 08:17:31', '2025-12-17 08:17:31'),
(315, 87, 19, NULL, 6, 28.86, NULL, '0', '2025-12-17 08:19:05', '2025-12-17 08:26:31'),
(316, 87, 9, 6, 6, NULL, 28.86, '0', '2025-12-17 08:19:05', '2025-12-17 08:26:31'),
(317, 88, 19, NULL, 14, 233.00, NULL, '1', '2025-12-17 08:20:02', '2025-12-17 08:20:02'),
(318, 88, 9, 12, 14, NULL, 233.00, '1', '2025-12-17 08:20:02', '2025-12-17 08:20:02'),
(319, 89, 19, NULL, 2, 140.89, NULL, '0', '2025-12-17 08:20:35', '2025-12-17 08:21:14'),
(320, 89, 9, 2, 2, NULL, 140.89, '0', '2025-12-17 08:20:35', '2025-12-17 08:21:14'),
(321, 89, 19, NULL, 2, 140.00, NULL, '1', '2025-12-17 08:21:14', '2025-12-17 08:21:14'),
(322, 89, 9, 2, 2, NULL, 140.00, '1', '2025-12-17 08:21:14', '2025-12-17 08:21:14'),
(323, 87, 19, NULL, 6, 28.89, NULL, '1', '2025-12-17 08:26:31', '2025-12-17 08:26:31'),
(324, 87, 9, 6, 6, NULL, 28.89, '1', '2025-12-17 08:26:31', '2025-12-17 08:26:31'),
(325, 75, 19, 5, 5, 395.13, NULL, '0', '2025-12-17 08:45:18', '2025-12-17 08:45:18'),
(326, 75, 9, 5, 5, NULL, 395.13, '0', '2025-12-17 08:45:18', '2025-12-17 08:45:18'),
(327, 90, 9, 1, 1, 381.55, NULL, '1', '2025-12-17 09:08:41', '2025-12-17 09:08:41'),
(328, 90, 7, 1, 1, NULL, 300.00, '1', '2025-12-17 09:08:41', '2025-12-17 09:08:41'),
(329, 90, 8, 1, 1, NULL, 50.00, '1', '2025-12-17 09:08:41', '2025-12-17 09:08:41'),
(330, 90, 14, 1, 1, NULL, 18.05, '1', '2025-12-17 09:08:41', '2025-12-17 09:08:41'),
(331, 90, 15, 1, 1, NULL, 13.50, '1', '2025-12-17 09:08:41', '2025-12-17 09:08:41'),
(332, 91, 9, 3, 3, 413.25, NULL, '1', '2025-12-17 09:09:48', '2025-12-17 09:09:48'),
(333, 91, 7, 3, 3, NULL, 300.00, '1', '2025-12-17 09:09:48', '2025-12-17 09:09:48'),
(334, 91, 8, 3, 3, NULL, 50.00, '1', '2025-12-17 09:09:48', '2025-12-17 09:09:48'),
(335, 91, 14, 3, 3, NULL, 30.25, '1', '2025-12-17 09:09:48', '2025-12-17 09:09:48'),
(336, 91, 15, 3, 3, NULL, 33.00, '1', '2025-12-17 09:09:48', '2025-12-17 09:09:48'),
(337, 92, 9, 3, 4, 386.67, NULL, '1', '2025-12-17 09:13:09', '2025-12-17 09:13:09'),
(338, 92, 7, 3, 4, NULL, 300.00, '1', '2025-12-17 09:13:09', '2025-12-17 09:13:09'),
(339, 92, 8, 3, 4, NULL, 50.00, '1', '2025-12-17 09:13:09', '2025-12-17 09:13:09'),
(340, 92, 14, 3, 4, NULL, 21.67, '1', '2025-12-17 09:13:09', '2025-12-17 09:13:09'),
(341, 92, 15, 3, 4, NULL, 15.00, '1', '2025-12-17 09:13:09', '2025-12-17 09:13:09'),
(342, 93, 9, 5, 5, 394.79, NULL, '0', '2025-12-17 09:15:58', '2025-12-17 10:43:11'),
(343, 93, 7, 5, 5, NULL, 350.00, '0', '2025-12-17 09:15:58', '2025-12-17 10:43:11'),
(344, 93, 14, 5, 5, NULL, 19.29, '0', '2025-12-17 09:15:58', '2025-12-17 10:43:11'),
(345, 93, 15, 5, 5, NULL, 25.50, '0', '2025-12-17 09:15:58', '2025-12-17 10:43:11'),
(346, 94, 9, 6, 6, 381.86, NULL, '1', '2025-12-17 09:16:44', '2025-12-17 09:16:44'),
(347, 94, 7, 6, 6, NULL, 300.00, '1', '2025-12-17 09:16:44', '2025-12-17 09:16:44'),
(348, 94, 8, 6, 6, NULL, 50.00, '1', '2025-12-17 09:16:44', '2025-12-17 09:16:44'),
(349, 94, 14, 6, 6, NULL, 19.86, '1', '2025-12-17 09:16:44', '2025-12-17 09:16:44'),
(350, 94, 15, 6, 6, NULL, 12.00, '1', '2025-12-17 09:16:44', '2025-12-17 09:16:44'),
(351, 95, 9, 7, 7, 400.56, NULL, '1', '2025-12-17 09:20:45', '2025-12-17 09:20:45'),
(352, 95, 7, 7, 7, NULL, 300.00, '1', '2025-12-17 09:20:45', '2025-12-17 09:20:45'),
(353, 95, 8, 7, 7, NULL, 50.00, '1', '2025-12-17 09:20:45', '2025-12-17 09:20:45'),
(354, 95, 14, 7, 7, NULL, 38.56, '1', '2025-12-17 09:20:45', '2025-12-17 09:20:45'),
(355, 95, 15, 7, 7, NULL, 12.00, '1', '2025-12-17 09:20:45', '2025-12-17 09:20:45'),
(356, 96, 9, 8, 8, 408.90, NULL, '1', '2025-12-17 09:21:38', '2025-12-17 09:21:38'),
(357, 96, 14, 8, 8, NULL, 33.40, '1', '2025-12-17 09:21:38', '2025-12-17 09:21:38'),
(358, 96, 15, 8, 8, NULL, 25.50, '1', '2025-12-17 09:21:38', '2025-12-17 09:21:38'),
(359, 96, 7, 8, 8, NULL, 300.00, '1', '2025-12-17 09:21:38', '2025-12-17 09:21:38'),
(360, 96, 8, 8, 8, NULL, 50.00, '1', '2025-12-17 09:21:38', '2025-12-17 09:21:38'),
(361, 97, 9, 9, 9, 380.50, NULL, '1', '2025-12-17 09:26:34', '2025-12-17 09:26:34'),
(362, 97, 7, 9, 9, NULL, 300.00, '1', '2025-12-17 09:26:34', '2025-12-17 09:26:34'),
(363, 97, 8, 9, 9, NULL, 50.00, '1', '2025-12-17 09:26:34', '2025-12-17 09:26:34'),
(364, 97, 14, 9, 9, NULL, 21.50, '1', '2025-12-17 09:26:34', '2025-12-17 09:26:34'),
(365, 97, 15, 9, 9, NULL, 9.00, '1', '2025-12-17 09:26:34', '2025-12-17 09:26:34'),
(366, 98, 9, 9, 10, 310.29, NULL, '1', '2025-12-17 09:27:22', '2025-12-17 09:27:22'),
(367, 98, 7, 9, 10, NULL, 300.00, '1', '2025-12-17 09:27:22', '2025-12-17 09:27:22'),
(368, 98, 14, 9, 10, NULL, 10.29, '1', '2025-12-17 09:27:22', '2025-12-17 09:27:22'),
(369, 99, 9, 10, 11, 416.79, NULL, '1', '2025-12-17 10:16:45', '2025-12-17 10:16:45'),
(370, 99, 14, 10, 11, NULL, 60.79, '1', '2025-12-17 10:16:45', '2025-12-17 10:16:45'),
(371, 99, 15, 10, 11, NULL, 6.00, '1', '2025-12-17 10:16:45', '2025-12-17 10:16:45'),
(372, 99, 7, 10, 11, NULL, 300.00, '1', '2025-12-17 10:16:45', '2025-12-17 10:16:45'),
(373, 99, 8, 10, 11, NULL, 50.00, '1', '2025-12-17 10:16:45', '2025-12-17 10:16:45'),
(374, 100, 9, 11, 13, 300.04, NULL, '1', '2025-12-17 10:19:28', '2025-12-17 10:19:28'),
(375, 100, 14, 11, 13, NULL, 0.04, '1', '2025-12-17 10:19:28', '2025-12-17 10:19:28'),
(376, 100, 7, 11, 13, NULL, 300.00, '1', '2025-12-17 10:19:28', '2025-12-17 10:19:28'),
(377, 101, 9, 12, 14, 359.81, NULL, '1', '2025-12-17 10:20:28', '2025-12-17 10:20:28'),
(378, 101, 8, 12, 14, NULL, 50.00, '1', '2025-12-17 10:20:28', '2025-12-17 10:20:28'),
(379, 101, 14, 12, 14, NULL, 5.31, '1', '2025-12-17 10:20:28', '2025-12-17 10:20:28'),
(380, 101, 15, 12, 14, NULL, 4.50, '1', '2025-12-17 10:20:28', '2025-12-17 10:20:28'),
(381, 101, 7, 12, 14, NULL, 300.00, '1', '2025-12-17 10:20:28', '2025-12-17 10:20:28'),
(382, 102, 9, 10, 17, 425.93, NULL, '1', '2025-12-17 10:24:10', '2025-12-17 10:24:10'),
(383, 102, 14, 10, 17, NULL, 275.93, '1', '2025-12-17 10:24:10', '2025-12-17 10:24:10'),
(384, 102, 7, 10, 17, NULL, 150.00, '1', '2025-12-17 10:24:10', '2025-12-17 10:24:10'),
(385, 103, 9, 13, 15, 350.00, NULL, '1', '2025-12-17 10:24:37', '2025-12-17 10:24:37'),
(386, 103, 7, 13, 15, NULL, 350.00, '1', '2025-12-17 10:24:37', '2025-12-17 10:24:37'),
(387, 104, 9, 14, 16, 450.00, NULL, '1', '2025-12-17 10:25:13', '2025-12-17 10:25:13'),
(388, 104, 7, 14, 16, NULL, 450.00, '1', '2025-12-17 10:25:13', '2025-12-17 10:25:13'),
(389, 93, 9, 5, 5, 344.79, NULL, '0', '2025-12-17 10:43:11', '2025-12-17 10:43:54'),
(390, 93, 15, 5, 5, NULL, 25.50, '0', '2025-12-17 10:43:11', '2025-12-17 10:43:54'),
(391, 93, 7, 5, 5, NULL, 300.00, '0', '2025-12-17 10:43:11', '2025-12-17 10:43:54'),
(392, 93, 8, 5, 5, NULL, 0.00, '0', '2025-12-17 10:43:11', '2025-12-17 10:43:54'),
(393, 93, 14, 5, 5, NULL, 19.29, '0', '2025-12-17 10:43:11', '2025-12-17 10:43:54'),
(394, 93, 9, 5, 5, 394.79, NULL, '1', '2025-12-17 10:43:54', '2025-12-17 10:43:54'),
(395, 93, 7, 5, 5, NULL, 300.00, '1', '2025-12-17 10:43:54', '2025-12-17 10:43:54'),
(396, 93, 8, 5, 5, NULL, 50.00, '1', '2025-12-17 10:43:54', '2025-12-17 10:43:54'),
(397, 93, 14, 5, 5, NULL, 19.29, '1', '2025-12-17 10:43:54', '2025-12-17 10:43:54'),
(398, 93, 15, 5, 5, NULL, 25.50, '1', '2025-12-17 10:43:54', '2025-12-17 10:43:54'),
(399, 105, 9, 15, 2, 233.00, NULL, '1', '2025-12-17 10:51:57', '2025-12-17 10:51:57'),
(400, 105, 7, 15, 2, NULL, 200.00, '1', '2025-12-17 10:51:57', '2025-12-17 10:51:57'),
(401, 105, 8, 15, 2, NULL, 33.00, '1', '2025-12-17 10:51:57', '2025-12-17 10:51:57'),
(402, 106, 19, 9, 9, 30.50, NULL, '1', '2025-12-17 10:59:11', '2025-12-17 10:59:11'),
(403, 106, 9, 9, 9, NULL, 30.50, '1', '2025-12-17 10:59:11', '2025-12-17 10:59:11'),
(404, 107, 19, 10, 17, 15.54, NULL, '1', '2025-12-17 11:01:37', '2025-12-17 11:01:37'),
(405, 107, 9, 10, 17, NULL, 15.54, '1', '2025-12-17 11:01:37', '2025-12-17 11:01:37'),
(406, 108, 19, 10, 11, 63.13, NULL, '1', '2025-12-17 11:03:02', '2025-12-17 11:03:02'),
(407, 108, 9, 10, 11, NULL, 63.13, '1', '2025-12-17 11:03:02', '2025-12-17 11:03:02'),
(408, 109, 19, 10, 11, 416.79, NULL, '1', '2025-12-17 11:04:15', '2025-12-17 11:04:15'),
(409, 109, 9, 10, 11, NULL, 416.79, '1', '2025-12-17 11:04:15', '2025-12-17 11:04:15'),
(410, 110, 19, 10, 17, 275.93, NULL, '1', '2025-12-17 11:05:01', '2025-12-17 11:05:01'),
(411, 110, 9, 10, 17, NULL, 275.93, '1', '2025-12-17 11:05:01', '2025-12-17 11:05:01'),
(412, 111, 19, 11, 13, 300.00, NULL, '1', '2025-12-17 11:06:30', '2025-12-17 11:06:30'),
(413, 111, 9, 11, 13, NULL, 300.00, '1', '2025-12-17 11:06:30', '2025-12-17 11:06:30'),
(414, 112, 19, 7, 7, 400.56, NULL, '1', '2025-12-17 11:07:41', '2025-12-17 11:07:41'),
(415, 112, 9, 7, 7, NULL, 400.56, '1', '2025-12-17 11:07:41', '2025-12-17 11:07:41'),
(416, 113, 19, 9, 10, 10.29, NULL, '1', '2025-12-17 11:09:16', '2025-12-17 11:09:16'),
(417, 113, 9, 9, 10, NULL, 10.29, '1', '2025-12-17 11:09:16', '2025-12-17 11:09:16'),
(418, 114, 19, 3, 3, 413.25, NULL, '1', '2025-12-17 11:10:13', '2025-12-17 11:10:13'),
(419, 114, 9, 3, 3, NULL, 413.25, '1', '2025-12-17 11:10:13', '2025-12-17 11:10:13'),
(420, 115, 19, 3, 4, 386.67, NULL, '1', '2025-12-17 11:10:28', '2025-12-17 11:10:28'),
(421, 115, 9, 3, 4, NULL, 386.67, '1', '2025-12-17 11:10:28', '2025-12-17 11:10:28'),
(422, 116, 19, 5, 5, 394.79, NULL, '1', '2025-12-17 11:11:49', '2025-12-17 11:11:49'),
(423, 116, 9, 5, 5, NULL, 394.79, '1', '2025-12-17 11:11:49', '2025-12-17 11:11:49'),
(424, 117, 19, 6, 6, 381.86, NULL, '1', '2025-12-17 11:13:05', '2025-12-17 11:13:05'),
(425, 117, 9, 6, 6, NULL, 381.86, '1', '2025-12-17 11:13:05', '2025-12-17 11:13:05'),
(426, 118, 19, 8, 8, 408.90, NULL, '1', '2025-12-17 11:13:21', '2025-12-17 11:13:21'),
(427, 118, 9, 8, 8, NULL, 408.90, '1', '2025-12-17 11:13:21', '2025-12-17 11:13:21'),
(428, 119, 19, 15, 2, 233.00, NULL, '1', '2025-12-17 11:14:36', '2025-12-17 11:14:36'),
(429, 119, 9, 15, 2, NULL, 233.00, '1', '2025-12-17 11:14:36', '2025-12-17 11:14:36'),
(430, 2, 19, 13, 15, 3500.00, NULL, '1', '2025-12-17 11:34:26', '2025-12-17 11:34:26'),
(431, 2, 9, 13, 15, NULL, 3500.00, '1', '2025-12-17 11:34:26', '2025-12-17 11:34:26'),
(432, 120, 17, NULL, 1, 59.33, NULL, '0', '2025-12-17 13:37:06', '2025-12-17 13:47:10'),
(433, 120, 17, NULL, 2, 14.67, NULL, '0', '2025-12-17 13:37:06', '2025-12-17 13:47:10'),
(434, 120, 17, NULL, 3, 56.73, NULL, '0', '2025-12-17 13:37:06', '2025-12-17 13:47:10'),
(435, 120, 17, NULL, 4, 46.74, NULL, '0', '2025-12-17 13:37:06', '2025-12-17 13:47:10'),
(436, 120, 17, NULL, 5, 44.60, NULL, '0', '2025-12-17 13:37:06', '2025-12-17 13:47:10'),
(437, 120, 17, NULL, 6, 39.36, NULL, '0', '2025-12-17 13:37:06', '2025-12-17 13:47:10'),
(438, 120, 17, NULL, 7, 39.36, NULL, '0', '2025-12-17 13:37:06', '2025-12-17 13:47:10'),
(439, 120, 17, NULL, 8, 25.60, NULL, '0', '2025-12-17 13:37:06', '2025-12-17 13:47:10'),
(440, 120, 17, NULL, 9, 54.20, NULL, '0', '2025-12-17 13:37:06', '2025-12-17 13:47:10'),
(441, 120, 17, NULL, 10, 5.15, NULL, '0', '2025-12-17 13:37:06', '2025-12-17 13:47:10'),
(442, 120, 17, NULL, 11, 92.20, NULL, '0', '2025-12-17 13:37:06', '2025-12-17 13:47:10'),
(443, 120, 17, NULL, 12, 0.50, NULL, '0', '2025-12-17 13:37:06', '2025-12-17 13:47:10'),
(444, 120, 17, NULL, 13, 0.90, NULL, '0', '2025-12-17 13:37:06', '2025-12-17 13:55:27'),
(445, 120, 17, NULL, 14, 2.70, NULL, '0', '2025-12-17 13:37:06', '2025-12-17 13:47:10'),
(446, 120, 17, NULL, 17, 5.00, NULL, '0', '2025-12-17 13:37:06', '2025-12-17 13:47:10'),
(447, 120, 17, NULL, 18, 153.43, NULL, '0', '2025-12-17 13:37:06', '2025-12-17 13:47:10'),
(448, 120, 17, NULL, 19, 101.40, NULL, '0', '2025-12-17 13:37:06', '2025-12-17 13:47:10'),
(449, 120, 19, NULL, NULL, NULL, 741.87, '0', '2025-12-17 13:37:06', '2025-12-17 13:47:10'),
(450, 120, 17, NULL, 1, 59.33, NULL, '0', '2025-12-17 13:47:10', '2025-12-24 14:55:07'),
(451, 120, 17, NULL, 2, 14.67, NULL, '0', '2025-12-17 13:47:10', '2025-12-24 14:55:07'),
(452, 120, 17, NULL, 3, 56.73, NULL, '0', '2025-12-17 13:47:10', '2025-12-24 14:55:07'),
(453, 120, 17, NULL, 4, 46.74, NULL, '0', '2025-12-17 13:47:10', '2025-12-24 14:55:07'),
(454, 120, 17, NULL, 5, 44.60, NULL, '0', '2025-12-17 13:47:10', '2025-12-24 14:55:07'),
(455, 120, 17, NULL, 6, 39.36, NULL, '0', '2025-12-17 13:47:10', '2025-12-24 14:55:07'),
(456, 120, 17, NULL, 7, 117.60, NULL, '0', '2025-12-17 13:47:10', '2025-12-24 14:55:07'),
(457, 120, 17, NULL, 8, 25.60, NULL, '0', '2025-12-17 13:47:10', '2025-12-24 14:55:07'),
(458, 120, 17, NULL, 9, 54.20, NULL, '0', '2025-12-17 13:47:10', '2025-12-24 14:55:07'),
(459, 120, 17, NULL, 10, 5.15, NULL, '0', '2025-12-17 13:47:10', '2025-12-24 14:55:07'),
(460, 120, 17, NULL, 11, 92.20, NULL, '0', '2025-12-17 13:47:10', '2025-12-24 14:55:07'),
(461, 120, 17, NULL, 12, 0.50, NULL, '0', '2025-12-17 13:47:10', '2025-12-24 14:55:07'),
(462, 120, 17, NULL, 13, 0.90, NULL, '0', '2025-12-17 13:47:10', '2025-12-24 14:55:07'),
(463, 120, 17, NULL, 14, 2.70, NULL, '0', '2025-12-17 13:47:10', '2025-12-24 14:55:07'),
(464, 120, 17, NULL, 17, 5.00, NULL, '0', '2025-12-17 13:47:10', '2025-12-24 14:55:07'),
(465, 120, 17, NULL, 18, 153.43, NULL, '0', '2025-12-17 13:47:10', '2025-12-24 14:55:07'),
(466, 120, 17, NULL, 19, 101.40, NULL, '0', '2025-12-17 13:47:10', '2025-12-24 14:55:07'),
(467, 120, 19, NULL, NULL, NULL, 820.11, '0', '2025-12-17 13:47:10', '2025-12-24 14:55:07'),
(468, 121, 18, NULL, 1, 42.00, NULL, '1', '2025-12-17 14:09:02', '2025-12-17 14:09:02'),
(469, 121, 18, NULL, 2, 0.00, NULL, '1', '2025-12-17 14:09:02', '2025-12-17 14:09:02'),
(470, 121, 18, NULL, 3, 66.00, NULL, '1', '2025-12-17 14:09:02', '2025-12-17 14:09:02'),
(471, 121, 18, NULL, 4, 34.50, NULL, '1', '2025-12-17 14:09:02', '2025-12-17 14:09:02'),
(472, 121, 18, NULL, 5, 54.00, NULL, '1', '2025-12-17 14:09:02', '2025-12-17 14:09:02'),
(473, 121, 18, NULL, 6, 16.50, NULL, '1', '2025-12-17 14:09:02', '2025-12-17 14:09:02'),
(474, 121, 18, NULL, 7, 43.50, NULL, '1', '2025-12-17 14:09:02', '2025-12-17 14:09:02'),
(475, 121, 18, NULL, 8, 19.50, NULL, '1', '2025-12-17 14:09:02', '2025-12-17 14:09:02'),
(476, 121, 18, NULL, 9, 17.00, NULL, '1', '2025-12-17 14:09:02', '2025-12-17 14:09:02'),
(477, 121, 18, NULL, 11, 16.50, NULL, '1', '2025-12-17 14:09:02', '2025-12-17 14:09:02'),
(478, 121, 18, NULL, 17, 10.00, NULL, '1', '2025-12-17 14:09:02', '2025-12-17 14:09:02'),
(479, 121, 18, NULL, 10, 0.00, NULL, '1', '2025-12-17 14:09:02', '2025-12-17 14:09:02'),
(480, 121, 18, NULL, 12, 0.00, NULL, '1', '2025-12-17 14:09:02', '2025-12-17 14:09:02'),
(481, 121, 18, NULL, 13, 0.00, NULL, '1', '2025-12-17 14:09:02', '2025-12-17 14:09:02'),
(482, 121, 18, NULL, 14, 0.00, NULL, '1', '2025-12-17 14:09:02', '2025-12-17 14:09:02'),
(483, 121, 18, NULL, 18, 0.00, NULL, '1', '2025-12-17 14:09:02', '2025-12-17 14:09:02'),
(484, 121, 18, NULL, 19, 0.00, NULL, '1', '2025-12-17 14:09:02', '2025-12-17 14:09:02'),
(485, 121, 19, NULL, NULL, NULL, 319.50, '1', '2025-12-17 14:09:02', '2025-12-17 14:09:02'),
(486, 122, 17, NULL, 1, 21.37, NULL, '0', '2025-12-17 14:27:02', '2025-12-18 10:18:12'),
(487, 122, 17, NULL, 3, 32.21, NULL, '0', '2025-12-17 14:27:02', '2025-12-18 10:18:12'),
(488, 122, 17, NULL, 5, 21.13, NULL, '0', '2025-12-17 14:27:02', '2025-12-18 10:18:12'),
(489, 122, 17, NULL, 7, 42.95, NULL, '0', '2025-12-17 14:27:02', '2025-12-18 10:18:12'),
(490, 122, 17, NULL, 9, 22.18, NULL, '0', '2025-12-17 14:27:02', '2025-12-18 10:18:12'),
(491, 122, 17, NULL, 11, 54.13, NULL, '0', '2025-12-17 14:27:02', '2025-12-18 10:18:12'),
(492, 122, 17, NULL, 13, 0.06, NULL, '0', '2025-12-17 14:27:02', '2025-12-18 10:18:12'),
(493, 122, 17, NULL, 2, 12.35, NULL, '0', '2025-12-17 14:27:02', '2025-12-18 10:18:12'),
(494, 122, 17, NULL, 4, 22.61, NULL, '0', '2025-12-17 14:27:02', '2025-12-18 10:18:12'),
(495, 122, 17, NULL, 6, 22.89, NULL, '0', '2025-12-17 14:27:02', '2025-12-18 10:18:12'),
(496, 122, 17, NULL, 8, 37.66, NULL, '0', '2025-12-17 14:27:02', '2025-12-18 10:18:12'),
(497, 122, 17, NULL, 10, 13.87, NULL, '0', '2025-12-17 14:27:02', '2025-12-18 10:18:12'),
(498, 122, 17, NULL, 12, 2.45, NULL, '0', '2025-12-17 14:27:02', '2025-12-18 10:18:12'),
(499, 122, 17, NULL, 14, 0.05, NULL, '0', '2025-12-17 14:27:02', '2025-12-18 10:18:12'),
(500, 122, 17, NULL, 17, 15.54, NULL, '0', '2025-12-17 14:27:02', '2025-12-18 10:18:12'),
(501, 122, 17, NULL, 18, 97.32, NULL, '0', '2025-12-17 14:27:02', '2025-12-18 10:18:12'),
(502, 122, 17, NULL, 19, 83.07, NULL, '0', '2025-12-17 14:27:02', '2025-12-18 10:18:12'),
(503, 122, 19, NULL, NULL, NULL, 501.84, '0', '2025-12-17 14:27:02', '2025-12-18 10:18:12'),
(504, 123, 18, NULL, 1, 16.50, NULL, '1', '2025-12-17 14:53:52', '2025-12-17 14:53:52'),
(505, 123, 18, NULL, 3, 36.00, NULL, '1', '2025-12-17 14:53:52', '2025-12-17 14:53:52'),
(506, 123, 18, NULL, 4, 18.00, NULL, '1', '2025-12-17 14:53:52', '2025-12-17 14:53:52'),
(507, 123, 18, NULL, 5, 24.00, NULL, '1', '2025-12-17 14:53:52', '2025-12-17 14:53:52'),
(508, 123, 18, NULL, 6, 6.00, NULL, '1', '2025-12-17 14:53:52', '2025-12-17 14:53:52'),
(509, 123, 18, NULL, 7, 12.00, NULL, '1', '2025-12-17 14:53:52', '2025-12-17 14:53:52'),
(510, 123, 18, NULL, 8, 25.50, NULL, '1', '2025-12-17 14:53:52', '2025-12-17 14:53:52'),
(511, 123, 18, NULL, 9, 13.50, NULL, '1', '2025-12-17 14:53:52', '2025-12-17 14:53:52'),
(512, 123, 18, NULL, 11, 9.00, NULL, '1', '2025-12-17 14:53:52', '2025-12-17 14:53:52'),
(513, 123, 18, NULL, 2, 57.00, NULL, '1', '2025-12-17 14:53:52', '2025-12-17 14:53:52'),
(514, 123, 19, NULL, NULL, NULL, 217.50, '1', '2025-12-17 14:53:52', '2025-12-17 14:53:52'),
(515, 129, 17, NULL, 2, 4.75, NULL, '0', '2025-12-17 15:20:04', '2025-12-24 14:55:35'),
(516, 129, 17, NULL, 1, 18.05, NULL, '0', '2025-12-17 15:20:04', '2025-12-24 14:55:35'),
(517, 129, 17, NULL, 3, 30.25, NULL, '0', '2025-12-17 15:20:04', '2025-12-24 14:55:35'),
(518, 129, 17, NULL, 4, 21.67, NULL, '0', '2025-12-17 15:20:04', '2025-12-24 14:55:35'),
(519, 129, 17, NULL, 5, 19.29, NULL, '0', '2025-12-17 15:20:04', '2025-12-24 14:55:35'),
(520, 129, 17, NULL, 6, 19.86, NULL, '0', '2025-12-17 15:20:04', '2025-12-24 14:55:35'),
(521, 129, 17, NULL, 7, 38.56, NULL, '0', '2025-12-17 15:20:04', '2025-12-24 14:55:35'),
(522, 129, 17, NULL, 8, 33.40, NULL, '0', '2025-12-17 15:20:04', '2025-12-24 14:55:35'),
(523, 129, 17, NULL, 9, 21.50, NULL, '0', '2025-12-17 15:20:04', '2025-12-24 14:55:35'),
(524, 129, 17, NULL, 10, 10.29, NULL, '0', '2025-12-17 15:20:04', '2025-12-24 14:55:35'),
(525, 129, 17, NULL, 11, 60.79, NULL, '0', '2025-12-17 15:20:04', '2025-12-24 14:55:35'),
(526, 129, 17, NULL, 12, 0.43, NULL, '0', '2025-12-17 15:20:04', '2025-12-24 14:55:35'),
(527, 129, 17, NULL, 13, 0.04, NULL, '0', '2025-12-17 15:20:04', '2025-12-24 14:55:35'),
(528, 129, 17, NULL, 14, 5.31, NULL, '0', '2025-12-17 15:20:04', '2025-12-24 14:55:35'),
(529, 129, 17, NULL, 17, 275.93, NULL, '0', '2025-12-17 15:20:04', '2025-12-24 14:55:35'),
(530, 129, 17, NULL, 19, 83.99, NULL, '0', '2025-12-17 15:20:04', '2025-12-24 14:55:35'),
(531, 129, 17, NULL, 18, 93.59, NULL, '0', '2025-12-17 15:20:04', '2025-12-24 14:55:35'),
(532, 129, 19, NULL, NULL, NULL, 737.70, '0', '2025-12-17 15:20:04', '2025-12-24 14:55:35'),
(533, 130, 18, NULL, 2, 19.50, NULL, '1', '2025-12-17 16:05:39', '2025-12-17 16:05:39'),
(534, 130, 18, NULL, 1, 13.50, NULL, '1', '2025-12-17 16:05:39', '2025-12-17 16:05:39'),
(535, 130, 18, NULL, 3, 33.00, NULL, '1', '2025-12-17 16:05:39', '2025-12-17 16:05:39'),
(536, 130, 18, NULL, 5, 25.50, NULL, '1', '2025-12-17 16:05:39', '2025-12-17 16:05:39'),
(537, 130, 18, NULL, 7, 12.00, NULL, '1', '2025-12-17 16:05:39', '2025-12-17 16:05:39'),
(538, 130, 18, NULL, 9, 9.00, NULL, '1', '2025-12-17 16:05:39', '2025-12-17 16:05:39'),
(539, 130, 18, NULL, 11, 6.00, NULL, '1', '2025-12-17 16:05:39', '2025-12-17 16:05:39'),
(540, 130, 18, NULL, 4, 15.00, NULL, '1', '2025-12-17 16:05:39', '2025-12-17 16:05:39'),
(541, 130, 18, NULL, 6, 12.00, NULL, '1', '2025-12-17 16:05:39', '2025-12-17 16:05:39'),
(542, 130, 18, NULL, 8, 25.50, NULL, '1', '2025-12-17 16:05:39', '2025-12-17 16:05:39'),
(543, 130, 18, NULL, 14, 4.50, NULL, '1', '2025-12-17 16:05:39', '2025-12-17 16:05:39'),
(544, 130, 19, NULL, NULL, NULL, 175.50, '1', '2025-12-17 16:05:39', '2025-12-17 16:05:39'),
(545, 131, 22, NULL, 2, 10.00, NULL, '0', '2025-12-18 08:45:11', '2025-12-18 08:53:19'),
(546, 131, 12, 16, NULL, 300.00, NULL, '0', '2025-12-18 08:45:11', '2025-12-18 08:53:19'),
(547, 131, 20, NULL, NULL, 450.00, NULL, '0', '2025-12-18 08:45:11', '2025-12-18 08:53:19'),
(548, 131, 21, NULL, NULL, 485.20, NULL, '0', '2025-12-18 08:45:11', '2025-12-18 08:53:19'),
(549, 131, 25, NULL, NULL, 56.00, NULL, '0', '2025-12-18 08:45:11', '2025-12-18 08:53:19'),
(550, 131, 19, NULL, NULL, NULL, 1301.20, '0', '2025-12-18 08:45:11', '2025-12-18 08:53:19'),
(551, 131, 22, NULL, 2, 10.00, NULL, '1', '2025-12-18 08:53:19', '2025-12-18 08:53:19'),
(552, 131, 12, 16, NULL, 300.00, NULL, '1', '2025-12-18 08:53:19', '2025-12-18 08:53:19'),
(553, 131, 20, NULL, NULL, 450.00, NULL, '1', '2025-12-18 08:53:19', '2025-12-18 08:53:19'),
(554, 131, 21, NULL, NULL, 485.20, NULL, '1', '2025-12-18 08:53:19', '2025-12-18 08:53:19'),
(555, 131, 25, NULL, NULL, 56.00, NULL, '1', '2025-12-18 08:53:19', '2025-12-18 08:53:19'),
(556, 131, 25, NULL, NULL, 125.00, NULL, '1', '2025-12-18 08:53:19', '2025-12-18 08:53:19'),
(557, 131, 19, NULL, NULL, NULL, 1426.20, '1', '2025-12-18 08:53:19', '2025-12-18 08:53:19'),
(558, 132, 22, NULL, NULL, 15.00, NULL, '1', '2025-12-18 08:55:23', '2025-12-18 08:55:23'),
(559, 132, 22, NULL, NULL, 34.00, NULL, '1', '2025-12-18 08:55:23', '2025-12-18 08:55:23'),
(560, 132, 19, NULL, NULL, NULL, 49.00, '1', '2025-12-18 08:55:23', '2025-12-18 08:55:23'),
(561, 133, 22, NULL, 16, 24.00, NULL, '0', '2025-12-18 08:57:02', '2025-12-18 09:03:25'),
(562, 133, 19, NULL, NULL, NULL, 24.00, '0', '2025-12-18 08:57:02', '2025-12-18 09:03:25'),
(563, 134, 12, 16, NULL, 300.00, NULL, '1', '2025-12-18 09:00:33', '2025-12-18 09:00:33'),
(564, 134, 12, 17, NULL, 200.00, NULL, '1', '2025-12-18 09:00:33', '2025-12-18 09:00:33'),
(565, 134, 19, NULL, NULL, NULL, 500.00, '1', '2025-12-18 09:00:33', '2025-12-18 09:00:33'),
(566, 135, 22, NULL, 16, 206.00, NULL, '0', '2025-12-18 09:02:11', '2025-12-18 09:04:10'),
(567, 135, 19, NULL, NULL, NULL, 206.00, '0', '2025-12-18 09:02:11', '2025-12-18 09:04:10'),
(568, 133, 22, NULL, 16, 24.00, NULL, '0', '2025-12-18 09:03:25', '2025-12-18 09:03:55'),
(569, 133, 19, NULL, NULL, NULL, 24.00, '0', '2025-12-18 09:03:25', '2025-12-18 09:03:55'),
(570, 133, 22, NULL, 16, 24.00, NULL, '1', '2025-12-18 09:03:55', '2025-12-18 09:03:55'),
(571, 133, 19, NULL, NULL, NULL, 24.00, '1', '2025-12-18 09:03:55', '2025-12-18 09:03:55'),
(572, 135, 22, NULL, 16, 206.00, NULL, '1', '2025-12-18 09:04:10', '2025-12-18 09:04:10'),
(573, 135, 19, NULL, NULL, NULL, 206.00, '1', '2025-12-18 09:04:10', '2025-12-18 09:04:10'),
(574, 136, 22, NULL, 2, 40.00, NULL, '1', '2025-12-18 09:04:47', '2025-12-18 09:04:47'),
(575, 136, 19, NULL, NULL, NULL, 40.00, '1', '2025-12-18 09:04:47', '2025-12-18 09:04:47'),
(576, 137, 12, 16, NULL, 300.00, NULL, '1', '2025-12-18 09:11:38', '2025-12-18 09:11:38'),
(577, 137, 12, 17, NULL, 200.00, NULL, '1', '2025-12-18 09:11:38', '2025-12-18 09:11:38'),
(578, 137, 23, NULL, NULL, 65.00, NULL, '1', '2025-12-18 09:11:38', '2025-12-18 09:11:38'),
(579, 137, 26, NULL, NULL, 50.00, NULL, '1', '2025-12-18 09:11:38', '2025-12-18 09:11:38'),
(580, 137, 24, NULL, NULL, 50.00, NULL, '1', '2025-12-18 09:11:38', '2025-12-18 09:11:38'),
(581, 137, 19, NULL, NULL, NULL, 665.00, '1', '2025-12-18 09:11:38', '2025-12-18 09:11:38'),
(582, 43, 9, 10, 17, 160.00, NULL, '0', '2025-12-18 09:43:15', '2025-12-18 09:57:55'),
(583, 43, 7, 10, 17, NULL, 150.00, '0', '2025-12-18 09:43:15', '2025-12-18 09:57:55'),
(584, 43, 15, 10, 17, NULL, 10.00, '0', '2025-12-18 09:43:15', '2025-12-18 09:57:55'),
(585, 138, 19, 10, 17, 10.00, NULL, '1', '2025-12-18 09:43:39', '2025-12-18 09:43:39'),
(586, 138, 9, 10, 17, NULL, 10.00, '1', '2025-12-18 09:43:39', '2025-12-18 09:43:39'),
(587, 43, 9, 10, 17, 165.00, NULL, '1', '2025-12-18 09:57:55', '2025-12-18 09:57:55'),
(588, 43, 15, 10, 17, NULL, 10.00, '1', '2025-12-18 09:57:55', '2025-12-18 09:57:55');
INSERT INTO `splits` (`id`, `transaction_id`, `account_id`, `people_id`, `unit_id`, `debit`, `credit`, `status`, `created_at`, `updated_at`) VALUES
(589, 43, 14, 10, 17, NULL, 5.00, '1', '2025-12-18 09:57:55', '2025-12-18 09:57:55'),
(590, 43, 7, 10, 17, NULL, 150.00, '1', '2025-12-18 09:57:55', '2025-12-18 09:57:55'),
(591, 139, 19, 10, 17, 5.00, NULL, '1', '2025-12-18 09:58:13', '2025-12-18 09:58:13'),
(592, 139, 9, 10, 17, NULL, 5.00, '1', '2025-12-18 09:58:13', '2025-12-18 09:58:13'),
(593, 72, 9, 2, 2, 140.91, NULL, '1', '2025-12-18 10:13:50', '2025-12-18 10:13:50'),
(594, 72, 7, 2, 2, NULL, 116.66, '1', '2025-12-18 10:13:50', '2025-12-18 10:13:50'),
(595, 72, 14, 2, 2, NULL, 4.75, '1', '2025-12-18 10:13:50', '2025-12-18 10:13:50'),
(596, 72, 15, 2, 2, NULL, 19.50, '1', '2025-12-18 10:13:50', '2025-12-18 10:13:50'),
(597, 122, 17, NULL, 1, 21.37, NULL, '0', '2025-12-18 10:18:12', '2025-12-24 14:55:21'),
(598, 122, 17, NULL, 3, 32.21, NULL, '0', '2025-12-18 10:18:12', '2025-12-24 14:55:21'),
(599, 122, 17, NULL, 5, 21.13, NULL, '0', '2025-12-18 10:18:12', '2025-12-24 14:55:21'),
(600, 122, 17, NULL, 7, 42.95, NULL, '0', '2025-12-18 10:18:12', '2025-12-24 14:55:21'),
(601, 122, 17, NULL, 9, 22.18, NULL, '0', '2025-12-18 10:18:12', '2025-12-24 14:55:21'),
(602, 122, 17, NULL, 11, 54.13, NULL, '0', '2025-12-18 10:18:12', '2025-12-24 14:55:21'),
(603, 122, 17, NULL, 13, 0.06, NULL, '0', '2025-12-18 10:18:12', '2025-12-24 14:55:21'),
(604, 122, 17, NULL, 2, 12.35, NULL, '0', '2025-12-18 10:18:12', '2025-12-24 14:55:21'),
(605, 122, 17, NULL, 4, 22.61, NULL, '0', '2025-12-18 10:18:12', '2025-12-24 14:55:21'),
(606, 122, 17, NULL, 6, 22.89, NULL, '0', '2025-12-18 10:18:12', '2025-12-24 14:55:21'),
(607, 122, 17, NULL, 8, 37.66, NULL, '0', '2025-12-18 10:18:12', '2025-12-24 14:55:21'),
(608, 122, 17, NULL, 10, 0.00, NULL, '0', '2025-12-18 10:18:12', '2025-12-24 14:55:21'),
(609, 122, 17, NULL, 12, 2.45, NULL, '0', '2025-12-18 10:18:12', '2025-12-24 14:55:21'),
(610, 122, 17, NULL, 14, 0.05, NULL, '0', '2025-12-18 10:18:12', '2025-12-24 14:55:21'),
(611, 122, 17, NULL, 17, 15.54, NULL, '0', '2025-12-18 10:18:12', '2025-12-24 14:55:21'),
(612, 122, 17, NULL, 18, 97.32, NULL, '0', '2025-12-18 10:18:12', '2025-12-24 14:55:21'),
(613, 122, 17, NULL, 19, 83.07, NULL, '0', '2025-12-18 10:18:12', '2025-12-24 14:55:21'),
(614, 122, 19, NULL, NULL, NULL, 487.97, '0', '2025-12-18 10:18:12', '2025-12-24 14:55:21'),
(615, 140, 27, NULL, NULL, 3000.00, NULL, '1', '2025-12-18 10:41:38', '2025-12-18 10:41:38'),
(616, 140, 19, NULL, NULL, NULL, 3000.00, '1', '2025-12-18 10:41:38', '2025-12-18 10:41:38'),
(617, 141, 27, NULL, NULL, 150.00, NULL, '1', '2025-12-18 10:42:45', '2025-12-18 10:42:45'),
(618, 141, 19, NULL, NULL, NULL, 150.00, '1', '2025-12-18 10:42:45', '2025-12-18 10:42:45'),
(619, 142, 27, NULL, NULL, 175.00, NULL, '1', '2025-12-18 10:43:46', '2025-12-18 10:43:46'),
(620, 142, 19, NULL, NULL, NULL, 175.00, '1', '2025-12-18 10:43:46', '2025-12-18 10:43:46'),
(621, 143, 28, NULL, NULL, 650.00, NULL, '1', '2025-12-22 09:02:19', '2025-12-22 09:02:19'),
(622, 143, 12, 16, NULL, 300.00, NULL, '1', '2025-12-22 09:02:19', '2025-12-22 09:02:19'),
(623, 143, 12, 17, NULL, 200.00, NULL, '1', '2025-12-22 09:02:19', '2025-12-22 09:02:19'),
(624, 143, 28, NULL, NULL, 65.00, NULL, '1', '2025-12-22 09:02:19', '2025-12-22 09:02:19'),
(625, 143, 28, NULL, NULL, 10.00, NULL, '1', '2025-12-22 09:02:19', '2025-12-22 09:02:19'),
(626, 143, 28, NULL, NULL, 15.00, NULL, '1', '2025-12-22 09:02:19', '2025-12-22 09:02:19'),
(627, 143, 28, NULL, NULL, 8.00, NULL, '1', '2025-12-22 09:02:19', '2025-12-22 09:02:19'),
(628, 143, 23, 18, NULL, 50.00, NULL, '1', '2025-12-22 09:02:19', '2025-12-22 09:02:19'),
(629, 143, 23, 18, NULL, 25.00, NULL, '1', '2025-12-22 09:02:19', '2025-12-22 09:02:19'),
(630, 143, 24, NULL, NULL, 50.00, NULL, '1', '2025-12-22 09:02:19', '2025-12-22 09:02:19'),
(631, 143, 28, NULL, NULL, 10.00, NULL, '1', '2025-12-22 09:02:19', '2025-12-22 09:02:19'),
(632, 143, 19, NULL, NULL, NULL, 1383.00, '1', '2025-12-22 09:02:19', '2025-12-22 09:02:19'),
(633, 144, 19, 1, 1, 381.55, NULL, '1', '2025-12-22 12:50:28', '2025-12-22 12:50:28'),
(634, 144, 9, 1, 1, NULL, 381.55, '1', '2025-12-22 12:50:28', '2025-12-22 12:50:28'),
(635, 145, 19, 12, 14, 359.81, NULL, '1', '2025-12-22 12:50:53', '2025-12-22 12:50:53'),
(636, 145, 9, 12, 14, NULL, 359.81, '1', '2025-12-22 12:50:53', '2025-12-22 12:50:53'),
(637, 146, 29, 2, 2, 0.91, NULL, '1', '2025-12-24 12:25:33', '2025-12-24 12:25:33'),
(638, 146, 9, 2, 2, NULL, 0.91, '1', '2025-12-24 12:25:33', '2025-12-24 12:25:33'),
(639, 120, 17, NULL, 1, 59.33, NULL, '1', '2025-12-24 14:55:07', '2025-12-24 14:55:07'),
(640, 120, 17, NULL, 2, 14.67, NULL, '1', '2025-12-24 14:55:07', '2025-12-24 14:55:07'),
(641, 120, 17, NULL, 3, 56.73, NULL, '1', '2025-12-24 14:55:07', '2025-12-24 14:55:07'),
(642, 120, 17, NULL, 4, 46.74, NULL, '1', '2025-12-24 14:55:07', '2025-12-24 14:55:07'),
(643, 120, 17, NULL, 5, 44.60, NULL, '1', '2025-12-24 14:55:07', '2025-12-24 14:55:07'),
(644, 120, 17, NULL, 6, 39.36, NULL, '1', '2025-12-24 14:55:07', '2025-12-24 14:55:07'),
(645, 120, 17, NULL, 7, 117.60, NULL, '1', '2025-12-24 14:55:07', '2025-12-24 14:55:07'),
(646, 120, 17, NULL, 8, 25.60, NULL, '1', '2025-12-24 14:55:07', '2025-12-24 14:55:07'),
(647, 120, 17, NULL, 9, 54.20, NULL, '1', '2025-12-24 14:55:07', '2025-12-24 14:55:07'),
(648, 120, 17, NULL, 10, 5.15, NULL, '1', '2025-12-24 14:55:07', '2025-12-24 14:55:07'),
(649, 120, 17, NULL, 11, 92.20, NULL, '1', '2025-12-24 14:55:07', '2025-12-24 14:55:07'),
(650, 120, 17, NULL, 12, 0.50, NULL, '1', '2025-12-24 14:55:07', '2025-12-24 14:55:07'),
(651, 120, 14, NULL, 13, 0.90, NULL, '1', '2025-12-24 14:55:07', '2025-12-24 14:55:07'),
(652, 120, 17, NULL, 14, 2.70, NULL, '1', '2025-12-24 14:55:07', '2025-12-24 14:55:07'),
(653, 120, 17, NULL, 17, 5.00, NULL, '1', '2025-12-24 14:55:07', '2025-12-24 14:55:07'),
(654, 120, 17, NULL, 18, 153.43, NULL, '1', '2025-12-24 14:55:07', '2025-12-24 14:55:07'),
(655, 120, 30, NULL, 19, 101.40, NULL, '1', '2025-12-24 14:55:07', '2025-12-24 14:55:07'),
(656, 120, 19, NULL, NULL, NULL, 820.11, '1', '2025-12-24 14:55:07', '2025-12-24 14:55:07'),
(657, 122, 17, NULL, 1, 21.37, NULL, '1', '2025-12-24 14:55:21', '2025-12-24 14:55:21'),
(658, 122, 17, NULL, 3, 32.21, NULL, '1', '2025-12-24 14:55:21', '2025-12-24 14:55:21'),
(659, 122, 17, NULL, 5, 21.13, NULL, '1', '2025-12-24 14:55:21', '2025-12-24 14:55:21'),
(660, 122, 17, NULL, 7, 42.95, NULL, '1', '2025-12-24 14:55:21', '2025-12-24 14:55:21'),
(661, 122, 17, NULL, 9, 22.18, NULL, '1', '2025-12-24 14:55:21', '2025-12-24 14:55:21'),
(662, 122, 17, NULL, 11, 54.13, NULL, '1', '2025-12-24 14:55:21', '2025-12-24 14:55:21'),
(663, 122, 17, NULL, 13, 0.06, NULL, '1', '2025-12-24 14:55:21', '2025-12-24 14:55:21'),
(664, 122, 17, NULL, 2, 12.35, NULL, '1', '2025-12-24 14:55:21', '2025-12-24 14:55:21'),
(665, 122, 17, NULL, 4, 22.61, NULL, '1', '2025-12-24 14:55:21', '2025-12-24 14:55:21'),
(666, 122, 17, NULL, 6, 22.89, NULL, '1', '2025-12-24 14:55:21', '2025-12-24 14:55:21'),
(667, 122, 17, NULL, 8, 37.66, NULL, '1', '2025-12-24 14:55:21', '2025-12-24 14:55:21'),
(668, 122, 17, NULL, 10, 0.00, NULL, '1', '2025-12-24 14:55:21', '2025-12-24 14:55:21'),
(669, 122, 17, NULL, 12, 2.45, NULL, '1', '2025-12-24 14:55:21', '2025-12-24 14:55:21'),
(670, 122, 17, NULL, 14, 0.05, NULL, '1', '2025-12-24 14:55:21', '2025-12-24 14:55:21'),
(671, 122, 17, NULL, 17, 15.54, NULL, '1', '2025-12-24 14:55:21', '2025-12-24 14:55:21'),
(672, 122, 17, NULL, 18, 97.32, NULL, '1', '2025-12-24 14:55:21', '2025-12-24 14:55:21'),
(673, 122, 30, NULL, 19, 83.07, NULL, '1', '2025-12-24 14:55:21', '2025-12-24 14:55:21'),
(674, 122, 19, NULL, NULL, NULL, 487.97, '1', '2025-12-24 14:55:21', '2025-12-24 14:55:21'),
(675, 129, 17, NULL, 2, 4.75, NULL, '1', '2025-12-24 14:55:35', '2025-12-24 14:55:35'),
(676, 129, 17, NULL, 1, 18.05, NULL, '1', '2025-12-24 14:55:35', '2025-12-24 14:55:35'),
(677, 129, 17, NULL, 3, 30.25, NULL, '1', '2025-12-24 14:55:35', '2025-12-24 14:55:35'),
(678, 129, 17, NULL, 4, 21.67, NULL, '1', '2025-12-24 14:55:35', '2025-12-24 14:55:35'),
(679, 129, 17, NULL, 5, 19.29, NULL, '1', '2025-12-24 14:55:35', '2025-12-24 14:55:35'),
(680, 129, 17, NULL, 6, 19.86, NULL, '1', '2025-12-24 14:55:35', '2025-12-24 14:55:35'),
(681, 129, 17, NULL, 7, 38.56, NULL, '1', '2025-12-24 14:55:35', '2025-12-24 14:55:35'),
(682, 129, 17, NULL, 8, 33.40, NULL, '1', '2025-12-24 14:55:35', '2025-12-24 14:55:35'),
(683, 129, 17, NULL, 9, 21.50, NULL, '1', '2025-12-24 14:55:35', '2025-12-24 14:55:35'),
(684, 129, 17, NULL, 10, 10.29, NULL, '1', '2025-12-24 14:55:35', '2025-12-24 14:55:35'),
(685, 129, 17, NULL, 11, 60.79, NULL, '1', '2025-12-24 14:55:35', '2025-12-24 14:55:35'),
(686, 129, 17, NULL, 12, 0.43, NULL, '1', '2025-12-24 14:55:35', '2025-12-24 14:55:35'),
(687, 129, 17, NULL, 13, 0.04, NULL, '1', '2025-12-24 14:55:35', '2025-12-24 14:55:35'),
(688, 129, 17, NULL, 14, 5.31, NULL, '1', '2025-12-24 14:55:35', '2025-12-24 14:55:35'),
(689, 129, 17, NULL, 17, 275.93, NULL, '1', '2025-12-24 14:55:35', '2025-12-24 14:55:35'),
(690, 129, 30, NULL, 19, 83.99, NULL, '1', '2025-12-24 14:55:35', '2025-12-24 14:55:35'),
(691, 129, 17, NULL, 18, 93.59, NULL, '1', '2025-12-24 14:55:35', '2025-12-24 14:55:35'),
(692, 129, 19, NULL, NULL, NULL, 737.70, '1', '2025-12-24 14:55:35', '2025-12-24 14:55:35');

-- --------------------------------------------------------

--
-- Table structure for table `transactions`
--

CREATE TABLE `transactions` (
  `id` int(11) NOT NULL,
  `type` enum('invoice','payment','check','deposit','bill','credit memo','sales receipt','journal','bill credit','bill payment','credit applied') NOT NULL,
  `transaction_date` date NOT NULL,
  `transaction_number` varchar(255) NOT NULL,
  `memo` text NOT NULL,
  `status` enum('0','1') NOT NULL DEFAULT '1',
  `created_at` datetime NOT NULL DEFAULT current_timestamp(),
  `updated_at` datetime NOT NULL DEFAULT current_timestamp() ON UPDATE current_timestamp(),
  `building_id` int(11) NOT NULL,
  `user_id` int(11) NOT NULL,
  `unit_id` int(11) DEFAULT NULL
) ENGINE=InnoDB DEFAULT CHARSET=utf8mb4 COLLATE=utf8mb4_general_ci;

--
-- Dumping data for table `transactions`
--

INSERT INTO `transactions` (`id`, `type`, `transaction_date`, `transaction_number`, `memo`, `status`, `created_at`, `updated_at`, `building_id`, `user_id`, `unit_id`) VALUES
(1, 'credit memo', '2025-10-22', 'YAHYE-G-1', 'G prepayments from july - dec', '1', '2025-12-14 12:06:11', '2025-12-14 12:06:11', 1, 1, 17),
(2, 'credit memo', '2025-10-21', 'BAQAAR-A-OCT-1', 'lacag hormaris ah from septempber 2025 to june 2026', '1', '2025-12-14 13:28:51', '2025-12-14 13:28:51', 1, 1, 15),
(3, 'credit memo', '2025-12-15', 'BAQAAR-B-DEC-01', '13 BILOOD HORMARIS AH OO KA BILAABATO DEC 2025', '1', '2025-12-15 16:53:31', '2025-12-15 16:53:31', 1, 1, 16),
(4, 'invoice', '2025-07-01', 'G-JULY', 'JULY INVOICE', '1', '2025-12-15 17:14:11', '2025-12-15 17:14:11', 1, 1, 17),
(5, 'invoice', '2025-08-01', 'G-AUG-YAHYE', 'AUG INVOICE \nBIYA IYO KORONTO JULY LAMA DIWAN GALIN', '1', '2025-12-16 08:04:31', '2025-12-16 08:04:31', 1, 1, 17),
(6, 'invoice', '2025-09-01', 'A1-SEP', 'A1-SEP', '1', '2025-12-16 08:47:16', '2025-12-16 08:47:16', 1, 1, 1),
(7, 'invoice', '2025-09-01', 'B1-SEP', 'B1-SEP', '1', '2025-12-16 08:48:19', '2025-12-16 08:48:19', 1, 1, 2),
(8, 'invoice', '2025-09-01', 'A2-SEP', '', '1', '2025-12-16 08:53:58', '2025-12-16 08:53:58', 1, 1, 3),
(9, 'invoice', '2025-09-01', 'B2-SEP', '', '1', '2025-12-16 08:54:35', '2025-12-16 08:54:35', 1, 1, 4),
(10, 'invoice', '2025-09-01', 'A3-SEP', '', '1', '2025-12-16 08:56:55', '2025-12-16 08:56:55', 1, 1, 5),
(11, 'invoice', '2025-09-01', 'B3-SEP', '', '1', '2025-12-16 08:57:38', '2025-12-16 08:57:38', 1, 1, 6),
(12, 'invoice', '2025-09-01', 'A4-SEP', '', '1', '2025-12-16 08:59:50', '2025-12-16 08:59:50', 1, 1, 7),
(13, 'invoice', '2025-09-15', 'B4-SEP', '', '1', '2025-12-16 09:01:14', '2025-12-16 09:01:14', 1, 1, 8),
(14, 'invoice', '2025-09-01', 'A5-SEP', '', '1', '2025-12-16 09:04:34', '2025-12-16 09:04:34', 1, 1, 9),
(15, 'invoice', '2025-09-01', 'B5-SEP', '', '1', '2025-12-16 09:05:18', '2025-12-16 09:05:18', 1, 1, 10),
(16, 'invoice', '2025-09-01', 'A6-SEP', '', '1', '2025-12-16 09:07:44', '2025-12-16 09:07:44', 1, 1, 11),
(17, 'invoice', '2025-09-01', 'A7-SEP', '', '1', '2025-12-16 09:08:24', '2025-12-16 09:08:24', 1, 1, 13),
(18, 'invoice', '2025-09-01', 'G-SEP', '', '1', '2025-12-16 09:10:37', '2025-12-16 09:10:37', 1, 1, 17),
(19, 'invoice', '2025-09-01', 'BAQAAR-A-SEP', '', '1', '2025-12-16 09:11:59', '2025-12-16 09:11:59', 1, 1, 15),
(20, 'payment', '2025-09-01', 'A1-SEP-PMT', 'Payment for Invoice #A1-SEP', '1', '2025-12-16 09:26:32', '2025-12-16 09:26:32', 1, 1, 1),
(21, 'payment', '2025-09-01', 'B1-SEP-PMT', 'Payment for Invoice #B1-SEP', '1', '2025-12-16 09:41:50', '2025-12-16 09:41:50', 1, 1, 2),
(22, 'payment', '2025-09-01', 'A2-SEP-PMT', 'Payment for Invoice #A2-SEP', '1', '2025-12-16 09:42:57', '2025-12-16 09:42:57', 1, 1, 3),
(23, 'payment', '2025-09-01', 'B2-SEP-PMT', 'Payment for Invoice #B2-SEP', '1', '2025-12-16 09:43:20', '2025-12-16 09:43:20', 1, 1, 4),
(24, 'payment', '2025-09-01', 'A3-SEP-PMT', 'Payment for Invoice #A3-SEP', '1', '2025-12-16 09:44:11', '2025-12-16 09:44:11', 1, 1, 5),
(25, 'payment', '2025-09-01', 'B3-SEP-PMT', 'Payment for Invoice #B3-SEP', '1', '2025-12-16 09:45:34', '2025-12-16 09:45:34', 1, 1, 6),
(26, 'payment', '2025-09-01', 'A4-SEP-PMT', 'Payment for Invoice #A4-SEP', '1', '2025-12-16 09:46:09', '2025-12-16 09:46:09', 1, 1, 7),
(27, 'payment', '2025-09-01', 'B4-SEP-PMT', 'Payment for Invoice #B4-SEP', '1', '2025-12-16 09:46:55', '2025-12-16 09:46:55', 1, 1, 8),
(28, 'payment', '2025-09-01', 'A6-SEP-PMT', 'Payment for Invoice #A6-SEP', '1', '2025-12-16 09:50:41', '2025-12-16 09:50:41', 1, 1, 11),
(29, 'payment', '2025-09-01', 'A7-SEP-PMT', 'Payment for Invoice #A7-SEP', '1', '2025-12-16 09:51:01', '2025-12-16 09:51:01', 1, 1, 13),
(30, 'invoice', '2025-10-01', 'A1-OCT', '', '1', '2025-12-16 10:18:05', '2025-12-16 10:18:05', 1, 1, 1),
(31, 'invoice', '2025-10-01', 'B1-OCT', 'biyaha qalad bay ka cabatay maka bisha\nxigto ina oso saarto baa tan looga\ndhigi doona', '1', '2025-12-16 10:20:53', '2025-12-16 10:20:53', 1, 1, 2),
(32, 'invoice', '2025-10-01', 'A2-OCT', '', '1', '2025-12-16 10:25:35', '2025-12-16 10:25:35', 1, 1, 3),
(33, 'invoice', '2025-10-01', 'B2-OCT', '', '1', '2025-12-16 10:26:22', '2025-12-16 10:26:22', 1, 1, 4),
(34, 'invoice', '2025-10-01', 'A3-OCT', '', '1', '2025-12-16 10:30:10', '2025-12-16 10:30:10', 1, 1, 5),
(35, 'invoice', '2025-10-01', 'B3-OCT', '', '1', '2025-12-16 10:30:48', '2025-12-16 10:30:48', 1, 1, 6),
(36, 'invoice', '2025-10-01', 'A4-OCT', '', '1', '2025-12-16 10:38:36', '2025-12-16 10:38:36', 1, 1, 7),
(37, 'invoice', '2025-10-01', 'B4-OCT', '', '1', '2025-12-16 10:38:36', '2025-12-16 10:41:00', 1, 1, 7),
(38, 'invoice', '2025-10-01', 'A5-OCT', '', '1', '2025-12-16 11:06:43', '2025-12-16 11:06:43', 1, 1, 9),
(39, 'invoice', '2025-10-01', 'B5-OCT', '', '1', '2025-12-16 11:10:09', '2025-12-16 11:10:09', 1, 1, 10),
(40, 'invoice', '2025-10-01', 'A6-OCT', '', '1', '2025-12-16 11:12:19', '2025-12-16 11:12:19', 1, 1, 11),
(41, 'invoice', '2025-10-01', 'A7-OCT', '', '1', '2025-12-16 11:15:06', '2025-12-16 11:15:06', 1, 1, 13),
(42, 'invoice', '2025-10-01', 'BAQAAR A-OCT', '', '1', '2025-12-16 11:16:22', '2025-12-16 11:16:22', 1, 1, 15),
(43, 'invoice', '2025-10-01', 'G-OCT', '', '1', '2025-12-16 11:18:11', '2025-12-16 11:18:11', 1, 1, 17),
(44, 'payment', '2025-10-01', 'A1-OCT-PMT', 'Payment for Invoice #A1-OCT', '1', '2025-12-16 11:33:43', '2025-12-16 11:33:43', 1, 1, 1),
(45, 'payment', '2025-10-01', 'B1-OCT-PMT', 'Payment for Invoice #B1-OCT', '1', '2025-12-16 11:34:03', '2025-12-16 11:34:03', 1, 1, 2),
(46, 'payment', '2025-10-01', 'A2-OCT-PMT', 'Payment for Invoice #A2-OCT', '1', '2025-12-16 11:34:16', '2025-12-16 11:34:16', 1, 1, 3),
(47, 'payment', '2025-10-01', 'B2-OCT-PMT', 'Payment for Invoice #B2-OCT', '1', '2025-12-16 11:38:35', '2025-12-16 11:38:35', 1, 1, 4),
(48, 'credit memo', '2025-10-01', 'B2-OCT-CREDIT', 'DHEERAD EE BIXIYEEN B2-OCT INVOICE', '1', '2025-12-16 11:39:39', '2025-12-16 11:43:04', 1, 1, 4),
(49, 'payment', '2025-10-01', 'A3-OCT-PMT', 'Payment for Invoice #A3-OCT', '1', '2025-12-16 11:40:20', '2025-12-16 11:40:20', 1, 1, 5),
(50, 'payment', '2025-10-01', 'B3-OCT-PMT', 'Payment for Invoice #B3-OCT', '1', '2025-12-16 11:40:44', '2025-12-16 11:40:44', 1, 1, 6),
(51, 'payment', '2025-10-01', 'A4-OCT-PMT', 'Payment for Invoice #A4-OCT', '1', '2025-12-16 11:41:04', '2025-12-16 11:41:04', 1, 1, 7),
(52, 'payment', '2025-10-01', 'B4-OCT-PMT', 'Payment for Invoice #B4-OCT', '1', '2025-12-16 11:41:22', '2025-12-16 11:41:22', 1, 1, 8),
(53, 'credit memo', '2025-10-01', 'B4-OCT-CREDIT', 'DHEERAD BUKUSO DARAY', '1', '2025-12-16 11:42:42', '2025-12-16 11:42:42', 1, 1, 8),
(54, 'payment', '2025-10-01', 'A5-OCT-PMT', 'Payment for Invoice #A5-OCT', '1', '2025-12-16 11:44:14', '2025-12-16 11:44:14', 1, 1, 9),
(55, 'payment', '2025-10-01', 'B5-OCT-PMT', 'Payment for Invoice #B5-OCT', '1', '2025-12-16 11:44:35', '2025-12-16 11:44:35', 1, 1, 10),
(56, 'payment', '2025-10-01', 'A6-OCT-PMT', 'Payment for Invoice #A6-OCT', '1', '2025-12-16 11:45:29', '2025-12-16 11:45:29', 1, 1, 11),
(57, 'payment', '2025-10-01', 'A7-OCT-PMT', 'Payment for Invoice #A7-OCT', '1', '2025-12-16 11:45:46', '2025-12-16 11:45:46', 1, 1, 13),
(58, 'invoice', '2025-11-01', 'A1-NOV', '', '1', '2025-12-16 16:06:56', '2025-12-16 16:06:56', 1, 1, 1),
(59, 'invoice', '2025-11-01', 'B1-NOV', '', '1', '2025-12-16 16:08:03', '2025-12-16 16:08:03', 1, 1, 2),
(60, 'invoice', '2025-11-01', 'A2-NOV', '', '1', '2025-12-16 16:16:30', '2025-12-16 16:16:30', 1, 1, 3),
(61, 'invoice', '2025-11-01', 'B2-NOV', '', '1', '2025-12-16 16:17:17', '2025-12-16 16:17:17', 1, 1, 4),
(62, 'invoice', '2025-11-01', 'A3-NOV', '', '1', '2025-12-16 16:20:56', '2025-12-16 16:20:56', 1, 1, 5),
(63, 'invoice', '2025-11-01', 'B3-NOV', '', '1', '2025-12-16 16:24:54', '2025-12-16 16:24:54', 1, 1, 6),
(64, 'invoice', '2025-11-01', 'A4-NOV', '', '1', '2025-12-16 16:28:28', '2025-12-16 16:28:28', 1, 1, 7),
(65, 'invoice', '2025-11-01', 'B4-NOV', '', '1', '2025-12-16 16:29:18', '2025-12-16 16:29:18', 1, 1, 8),
(66, 'invoice', '2025-11-01', 'A5-NOV', '', '1', '2025-12-16 16:35:23', '2025-12-16 16:35:23', 1, 1, 9),
(67, 'invoice', '2025-11-01', 'B5-NOV', '', '1', '2025-12-16 16:36:38', '2025-12-16 16:36:38', 1, 1, 10),
(68, 'invoice', '2025-11-01', 'A6-NOV', '', '1', '2025-12-16 16:40:20', '2025-12-16 16:40:20', 1, 1, 11),
(69, 'invoice', '2025-11-01', 'A7-NOV', 'we ka maqned guriga', '1', '2025-12-16 16:41:33', '2025-12-16 16:41:33', 1, 1, 13),
(70, 'invoice', '2025-11-01', 'G-NOV', '', '1', '2025-12-16 16:44:27', '2025-12-16 16:44:27', 1, 1, 17),
(71, 'invoice', '2025-11-01', 'BAQAAR A-NOV', '', '1', '2025-12-16 16:44:49', '2025-12-16 16:44:49', 1, 1, 15),
(72, 'invoice', '2025-11-11', 'B1-NOV-2', 'kalabarka november ayee guuren', '1', '2025-12-16 16:52:38', '2025-12-16 17:00:26', 1, 1, 2),
(73, 'invoice', '2025-11-11', 'B7-NOV', '20 beri daganyihiin', '1', '2025-12-16 16:56:49', '2025-12-16 16:56:49', 1, 1, 14),
(74, 'payment', '2025-11-01', 'A7-NOV-PMT', 'Payment for Invoice #A7-NOV', '1', '2025-12-17 08:01:30', '2025-12-17 08:01:30', 1, 1, 13),
(75, 'payment', '2025-11-01', 'A3-NOV-PMT-DUPLICATE', 'Payment for Invoice #A3-NOV', '0', '2025-12-17 08:03:26', '2025-12-17 08:45:18', 1, 1, 5),
(76, 'payment', '2025-11-01', 'A3-NOV-PMT', 'Payment for Invoice #A3-NOV', '1', '2025-12-17 08:03:26', '2025-12-17 08:03:26', 1, 1, 5),
(77, 'credit memo', '2025-11-01', 'A3-NOV-CREDIT', 'NOV DHEERADKAS KUSO DARE', '1', '2025-12-17 08:04:37', '2025-12-17 08:04:37', 1, 1, 5),
(78, 'payment', '2025-11-01', 'A4-NOV-PMT', 'Payment for Invoice #A4-NOV', '1', '2025-12-17 08:07:48', '2025-12-17 08:07:48', 1, 1, 7),
(79, 'payment', '2025-11-01', 'A6-NOV-PMT', 'Payment for Invoice #A6-NOV', '1', '2025-12-17 08:08:56', '2025-12-17 08:08:56', 1, 1, 11),
(80, 'payment', '2025-11-01', 'B3-NOV-PMT', 'Payment for Invoice #B3-NOV', '1', '2025-12-17 08:09:44', '2025-12-17 08:09:44', 1, 1, 6),
(81, 'payment', '2025-11-04', 'B1-NOV-PMT', 'Payment for Invoice #B1-NOV', '1', '2025-12-17 08:10:53', '2025-12-17 08:10:53', 1, 1, 2),
(82, 'payment', '2025-11-04', 'A2-NOV-PMT', 'Payment for Invoice #A2-NOV', '1', '2025-12-17 08:12:47', '2025-12-17 08:12:47', 1, 1, 3),
(83, 'payment', '2025-11-04', 'B2-NOV-PMT', 'Payment for Invoice #B2-NOV', '1', '2025-12-17 08:13:04', '2025-12-17 08:13:04', 1, 1, 4),
(84, 'payment', '2025-11-04', 'B4-NOV-PMT', 'Payment for Invoice #B4-NOV', '1', '2025-12-17 08:15:03', '2025-12-17 08:15:03', 1, 1, 8),
(85, 'payment', '2025-11-05', 'A1-NOV-PMT', 'Payment for Invoice #A1-NOV', '1', '2025-12-17 08:16:04', '2025-12-17 08:16:04', 1, 1, 1),
(86, 'payment', '2025-11-05', 'A5-NOV-PMT', 'Payment for Invoice #A5-NOV', '1', '2025-12-17 08:17:31', '2025-12-17 08:17:31', 1, 1, 9),
(87, 'payment', '2025-11-05', 'B3-NOV-PMT-2', 'Payment for Invoice #B3-NOV', '1', '2025-12-17 08:19:05', '2025-12-17 08:26:31', 1, 1, 6),
(88, 'payment', '2025-11-11', 'B7-NOV-PMT', 'Payment for Invoice #B7-NOV', '1', '2025-12-17 08:20:02', '2025-12-17 08:20:02', 1, 1, 14),
(89, 'payment', '2025-11-11', 'B1-NOV-PMT-2', 'Payment for Invoice #B1-NOV-2', '1', '2025-12-17 08:20:35', '2025-12-17 08:21:14', 1, 1, 2),
(90, 'invoice', '2025-12-01', 'A1-DEC', '', '1', '2025-12-17 09:08:41', '2025-12-17 09:08:41', 1, 1, 1),
(91, 'invoice', '2025-12-01', 'A2-DEC', '', '1', '2025-12-17 09:09:48', '2025-12-17 09:09:48', 1, 1, 3),
(92, 'invoice', '2025-12-01', 'B2-DEC', '', '1', '2025-12-17 09:13:09', '2025-12-17 09:13:09', 1, 1, 4),
(93, 'invoice', '2025-12-01', 'A3-DEC', '', '1', '2025-12-17 09:15:58', '2025-12-17 09:15:58', 1, 1, 5),
(94, 'invoice', '2025-12-01', 'B3-DEC', '', '1', '2025-12-17 09:16:44', '2025-12-17 09:16:44', 1, 1, 6),
(95, 'invoice', '2025-12-01', 'A4-DEC', '', '1', '2025-12-17 09:20:45', '2025-12-17 09:20:45', 1, 1, 7),
(96, 'invoice', '2025-12-01', 'B4-DEC', '', '1', '2025-12-17 09:21:38', '2025-12-17 09:21:38', 1, 1, 8),
(97, 'invoice', '2025-12-01', 'A5-DEC', '', '1', '2025-12-17 09:26:34', '2025-12-17 09:26:34', 1, 1, 9),
(98, 'invoice', '2025-12-01', 'B5-DEC', '', '1', '2025-12-17 09:27:22', '2025-12-17 09:27:22', 1, 1, 10),
(99, 'invoice', '2025-12-01', 'A6-DEC', '', '1', '2025-12-17 10:16:44', '2025-12-17 10:16:44', 1, 1, 11),
(100, 'invoice', '2025-12-01', 'A7-DEC', '', '1', '2025-12-17 10:19:28', '2025-12-17 10:19:28', 1, 1, 13),
(101, 'invoice', '2025-12-01', 'B7-DEC', '', '1', '2025-12-17 10:20:28', '2025-12-17 10:20:28', 1, 1, 14),
(102, 'invoice', '2025-12-01', 'G-DEC', '', '1', '2025-12-17 10:24:10', '2025-12-17 10:24:10', 1, 1, 17),
(103, 'invoice', '2025-12-01', 'BAQAAR A-DEC', '', '1', '2025-12-17 10:24:37', '2025-12-17 10:24:37', 1, 1, 15),
(104, 'invoice', '2025-12-01', 'BAQAAR B-DEC', '', '1', '2025-12-17 10:25:13', '2025-12-17 10:25:13', 1, 1, 16),
(105, 'invoice', '2025-12-01', 'B1-DEC', '', '1', '2025-12-17 10:51:57', '2025-12-17 10:51:57', 1, 1, 2),
(106, 'payment', '2025-12-01', 'A5-DEC-PMT', 'Payment for Invoice #A5-DEC', '1', '2025-12-17 10:59:11', '2025-12-17 10:59:11', 1, 1, 9),
(107, 'payment', '2025-12-02', 'G-NOV-PMT-2', 'Payment for Invoice #G-NOV', '1', '2025-12-17 11:01:37', '2025-12-17 11:01:37', 1, 1, 17),
(108, 'payment', '2025-12-02', 'A6-NOV-PMT/2', 'Payment for Invoice #A6-NOV', '1', '2025-12-17 11:03:02', '2025-12-17 11:03:02', 1, 1, 11),
(109, 'payment', '2025-12-02', 'A6-DEC-PMT', 'Payment for Invoice #A6-DEC', '1', '2025-12-17 11:04:15', '2025-12-17 11:04:15', 1, 1, 11),
(110, 'payment', '2025-12-02', 'G-DEC-PMT', 'Payment for Invoice #G-DEC', '1', '2025-12-17 11:05:01', '2025-12-17 11:05:01', 1, 1, 17),
(111, 'payment', '2025-12-02', 'A7-DEC-PMT', 'Payment for Invoice #A7-DEC', '1', '2025-12-17 11:06:30', '2025-12-17 11:06:30', 1, 1, 13),
(112, 'payment', '2025-12-02', 'A4-DEC-PMT', 'Payment for Invoice #A4-DEC', '1', '2025-12-17 11:07:41', '2025-12-17 11:07:41', 1, 1, 7),
(113, 'payment', '2025-12-01', 'B5-DEC-PMT', 'Payment for Invoice #B5-DEC', '1', '2025-12-17 11:09:16', '2025-12-17 11:09:16', 1, 1, 10),
(114, 'payment', '2025-12-02', 'A2-DEC-PMT', 'Payment for Invoice #A2-DEC', '1', '2025-12-17 11:10:13', '2025-12-17 11:10:13', 1, 1, 3),
(115, 'payment', '2025-12-02', 'B2-DEC-PMT', 'Payment for Invoice #B2-DEC', '1', '2025-12-17 11:10:28', '2025-12-17 11:10:28', 1, 1, 4),
(116, 'payment', '2025-12-03', 'A3-DEC-PMT', 'Payment for Invoice #A3-DEC', '1', '2025-12-17 11:11:49', '2025-12-17 11:11:49', 1, 1, 5),
(117, 'payment', '2025-12-04', 'B3-DEC-PMT', 'Payment for Invoice #B3-DEC', '1', '2025-12-17 11:13:05', '2025-12-17 11:13:05', 1, 1, 6),
(118, 'payment', '2025-12-04', 'B4-DEC-PMT', 'Payment for Invoice #B4-DEC', '1', '2025-12-17 11:13:21', '2025-12-17 11:13:21', 1, 1, 8),
(119, 'payment', '2025-12-10', 'B1-DEC-PMT', 'Payment for Invoice #B1-DEC', '1', '2025-12-17 11:14:36', '2025-12-17 11:14:36', 1, 1, 2),
(120, 'check', '2025-09-30', 'KORONTO-SEP', 'KORONTADA SEPTEMBER', '1', '2025-12-17 13:37:06', '2025-12-17 13:37:06', 1, 1, NULL),
(121, 'check', '2025-09-30', 'BIYO-SEP', 'BIYAHA SEP LA QORAY', '1', '2025-12-17 14:09:02', '2025-12-17 14:17:27', 1, 1, NULL),
(122, 'check', '2025-10-31', 'KORONTO-OCT', '', '1', '2025-12-17 14:27:02', '2025-12-17 14:27:02', 1, 1, NULL),
(123, 'check', '2025-10-31', 'BIYO-OCT', 'BIYAHA OCTOBER', '1', '2025-12-17 14:53:52', '2025-12-17 14:53:52', 1, 1, NULL),
(129, 'check', '2025-11-30', 'KORONTO-NOV', 'KORONTADA BISHA NOV', '1', '2025-12-17 15:20:04', '2025-12-17 15:20:04', 1, 1, NULL),
(130, 'check', '2025-11-30', 'BIYO-NOV', 'BIYAHA BISHA NOVEMBER', '1', '2025-12-17 16:05:39', '2025-12-17 16:05:39', 1, 1, NULL),
(131, 'check', '2025-10-01', 'OCT-1-25', 'shakir degmo 125 iyo gaabow degmo 56', '1', '2025-12-18 08:45:11', '2025-12-20 13:48:43', 1, 1, NULL),
(132, 'check', '2025-10-18', 'OCT-8', 'JARANJARO IYO DIINIMO SAMEENTODA', '1', '2025-12-18 08:55:23', '2025-12-18 08:55:23', 1, 1, NULL),
(133, 'check', '2025-10-23', 'OCT-23-EXP', '', '1', '2025-12-18 08:57:02', '2025-12-18 09:03:55', 1, 1, NULL),
(134, 'check', '2025-11-06', 'NOV-6-EXP', '', '1', '2025-12-18 09:00:33', '2025-12-18 09:00:33', 1, 1, NULL),
(135, 'check', '2025-11-12', 'NOV-12-EXP', '', '1', '2025-12-18 09:02:11', '2025-12-18 09:04:10', 1, 1, NULL),
(136, 'check', '2025-11-25', 'NOV-25-EXP', '', '1', '2025-12-18 09:04:47', '2025-12-18 09:04:47', 1, 1, NULL),
(137, 'check', '2025-12-04', 'DEC-4-EXP', '', '1', '2025-12-18 09:11:38', '2025-12-18 09:11:38', 1, 1, NULL),
(138, 'payment', '2025-10-01', 'G-OCT-PMT-2', 'Payment for Invoice #G-OCT', '1', '2025-12-18 09:43:39', '2025-12-18 09:43:39', 1, 1, 17),
(139, 'payment', '2025-10-01', 'G-OCT-PMT-3', 'Payment for Invoice #G-OCT', '1', '2025-12-18 09:58:13', '2025-12-18 09:58:13', 1, 1, 17),
(140, 'journal', '2025-09-06', 'AABE-SEP', 'Grand elevator service Acc : 37316097', '1', '2025-12-18 10:41:38', '2025-12-18 10:41:38', 1, 1, NULL),
(141, 'journal', '2025-09-13', 'AABE-SEP-13', 'WAAFI UGU DIRAY', '1', '2025-12-18 10:42:45', '2025-12-18 10:42:45', 1, 1, NULL),
(142, 'journal', '2025-09-15', 'AABE-SEP-15', 'BEERTA GURIGA HORTIISA', '1', '2025-12-18 10:43:46', '2025-12-18 10:43:46', 1, 1, NULL),
(143, 'check', '2025-12-22', 'DEC-22-EXP', 'BEERTA IYO MUSHARADKA IYO NADAAFADA DEC', '1', '2025-12-22 09:02:19', '2025-12-22 09:02:19', 1, 1, NULL),
(144, 'payment', '2025-12-06', 'A1-DEC-PMT', 'Payment for Invoice #A1-DEC', '1', '2025-12-22 12:50:28', '2025-12-22 12:50:28', 1, 1, 1),
(145, 'payment', '2025-12-06', 'B7-DEC-PMT', 'Payment for Invoice #B7-DEC', '1', '2025-12-22 12:50:53', '2025-12-22 12:50:53', 1, 1, 14),
(146, 'credit memo', '2025-12-24', 'WRITE-OFF-B1-1', '140 KALIYA AYEE BIXISE INTEESAN GUURIN', '1', '2025-12-24 12:25:33', '2025-12-24 12:25:33', 1, 1, 2);

-- --------------------------------------------------------

--
-- Table structure for table `units`
--

CREATE TABLE `units` (
  `id` int(11) NOT NULL,
  `name` varchar(20) NOT NULL,
  `building_id` int(11) NOT NULL,
  `created_at` timestamp NOT NULL DEFAULT current_timestamp(),
  `updated_at` timestamp NOT NULL DEFAULT current_timestamp()
) ENGINE=InnoDB DEFAULT CHARSET=utf8mb4 COLLATE=utf8mb4_general_ci;

--
-- Dumping data for table `units`
--

INSERT INTO `units` (`id`, `name`, `building_id`, `created_at`, `updated_at`) VALUES
(1, 'A1', 1, '2025-12-14 07:53:02', '2025-12-14 07:53:02'),
(2, 'B1', 1, '2025-12-14 07:53:07', '2025-12-14 07:53:44'),
(3, 'A2', 1, '2025-12-14 07:53:13', '2025-12-14 07:53:39'),
(4, 'B2', 1, '2025-12-14 07:53:21', '2025-12-14 07:53:53'),
(5, 'A3', 1, '2025-12-14 07:53:58', '2025-12-14 07:53:58'),
(6, 'B3', 1, '2025-12-14 07:54:03', '2025-12-14 07:54:03'),
(7, 'A4', 1, '2025-12-14 07:54:08', '2025-12-14 07:54:08'),
(8, 'B4', 1, '2025-12-14 07:54:16', '2025-12-14 07:54:16'),
(9, 'A5', 1, '2025-12-14 07:54:31', '2025-12-14 07:54:31'),
(10, 'B5', 1, '2025-12-14 07:54:37', '2025-12-14 07:54:37'),
(11, 'A6', 1, '2025-12-14 07:54:48', '2025-12-14 07:54:48'),
(12, 'B6', 1, '2025-12-14 07:55:54', '2025-12-14 07:55:54'),
(13, 'A7', 1, '2025-12-14 07:56:02', '2025-12-14 07:56:02'),
(14, 'B7', 1, '2025-12-14 07:56:07', '2025-12-14 07:56:07'),
(15, 'BAQAAR A', 1, '2025-12-14 07:56:35', '2025-12-14 07:56:35'),
(16, 'BAQAAR B', 1, '2025-12-14 07:56:44', '2025-12-14 07:56:44'),
(17, 'G', 1, '2025-12-14 07:57:09', '2025-12-14 07:57:09'),
(18, 'OFFICE', 1, '2025-12-14 07:57:14', '2025-12-14 07:57:14'),
(19, 'WIISH', 1, '2025-12-14 07:57:24', '2025-12-14 07:57:24');

-- --------------------------------------------------------

--
-- Table structure for table `users`
--

CREATE TABLE `users` (
  `id` int(11) NOT NULL,
  `name` varchar(50) NOT NULL,
  `username` varchar(20) NOT NULL,
  `phone` varchar(20) NOT NULL,
  `password` varchar(10) NOT NULL
) ENGINE=InnoDB DEFAULT CHARSET=utf8mb4 COLLATE=utf8mb4_general_ci;

--
-- Dumping data for table `users`
--

INSERT INTO `users` (`id`, `name`, `username`, `phone`, `password`) VALUES
(1, 'Hudeifa abdirashid', 'hudeifa123', '615334355', '3333333333');

--
-- Indexes for dumped tables
--

--
-- Indexes for table `accounts`
--
ALTER TABLE `accounts`
  ADD PRIMARY KEY (`id`),
  ADD KEY `acc_acc_type_fk` (`account_type`),
  ADD KEY `accounts_building_fk` (`building_id`);

--
-- Indexes for table `account_types`
--
ALTER TABLE `account_types`
  ADD PRIMARY KEY (`id`);

--
-- Indexes for table `buildings`
--
ALTER TABLE `buildings`
  ADD PRIMARY KEY (`id`),
  ADD UNIQUE KEY `name` (`name`);

--
-- Indexes for table `checks`
--
ALTER TABLE `checks`
  ADD PRIMARY KEY (`id`),
  ADD KEY `transaction_id` (`transaction_id`),
  ADD KEY `payment_account_id` (`payment_account_id`),
  ADD KEY `building_id` (`building_id`);

--
-- Indexes for table `credit_memo`
--
ALTER TABLE `credit_memo`
  ADD PRIMARY KEY (`id`),
  ADD KEY `cm_transaction_id` (`transaction_id`),
  ADD KEY `cm_user_id` (`user_id`),
  ADD KEY `cm_deposit_to` (`deposit_to`),
  ADD KEY `cm_liability_account` (`liability_account`),
  ADD KEY `cm_people_id` (`people_id`),
  ADD KEY `cm_building_id` (`building_id`),
  ADD KEY `cm_unit_id` (`unit_id`);

--
-- Indexes for table `expense_lines`
--
ALTER TABLE `expense_lines`
  ADD PRIMARY KEY (`id`),
  ADD KEY `check_id` (`check_id`),
  ADD KEY `account_id` (`account_id`),
  ADD KEY `unit_id` (`unit_id`),
  ADD KEY `people_id` (`people_id`);

--
-- Indexes for table `invoices`
--
ALTER TABLE `invoices`
  ADD PRIMARY KEY (`id`),
  ADD KEY `invoice_unit_id` (`unit_id`),
  ADD KEY `invoice_people_id` (`people_id`),
  ADD KEY `invoice_user_id` (`user_id`),
  ADD KEY `invoice_building_id` (`building_id`),
  ADD KEY `fk_invoice_account_id` (`ar_account_id`);

--
-- Indexes for table `invoice_applied_credits`
--
ALTER TABLE `invoice_applied_credits`
  ADD PRIMARY KEY (`id`),
  ADD KEY `iac_invoice_id` (`invoice_id`),
  ADD KEY `iac_credit_memo_id` (`credit_memo_id`);

--
-- Indexes for table `invoice_applied_discounts`
--
ALTER TABLE `invoice_applied_discounts`
  ADD PRIMARY KEY (`id`),
  ADD KEY `iad_invoice_id` (`invoice_id`),
  ADD KEY `iad_transaction_id` (`transaction_id`),
  ADD KEY `iad_ar_account` (`ar_account`),
  ADD KEY `iad_income_account` (`income_account`);

--
-- Indexes for table `invoice_items`
--
ALTER TABLE `invoice_items`
  ADD PRIMARY KEY (`id`),
  ADD KEY `invoice_items_inv_id` (`invoice_id`),
  ADD KEY `invoice_items_item_id` (`item_id`);

--
-- Indexes for table `invoice_payments`
--
ALTER TABLE `invoice_payments`
  ADD PRIMARY KEY (`id`),
  ADD KEY `ip_transaction_id` (`transaction_id`),
  ADD KEY `ip_invoice_id` (`invoice_id`),
  ADD KEY `ip_user_id` (`user_id`),
  ADD KEY `ip_account_id` (`account_id`);

--
-- Indexes for table `items`
--
ALTER TABLE `items`
  ADD PRIMARY KEY (`id`),
  ADD KEY `item_asset_account_pk` (`asset_account`),
  ADD KEY `item_income_account_pk` (`income_account`),
  ADD KEY `item_cogs_account_pk` (`cogs_account`),
  ADD KEY `item_expense_account_pk` (`expense_account`),
  ADD KEY `item_building_fk` (`building_id`);

--
-- Indexes for table `journal`
--
ALTER TABLE `journal`
  ADD PRIMARY KEY (`id`),
  ADD KEY `transaction_id` (`transaction_id`),
  ADD KEY `building_id` (`building_id`);

--
-- Indexes for table `journal_lines`
--
ALTER TABLE `journal_lines`
  ADD PRIMARY KEY (`id`),
  ADD KEY `journal_id` (`journal_id`),
  ADD KEY `account_id` (`account_id`),
  ADD KEY `unit_id` (`unit_id`),
  ADD KEY `people_id` (`people_id`);

--
-- Indexes for table `leases`
--
ALTER TABLE `leases`
  ADD PRIMARY KEY (`id`),
  ADD KEY `idx_people_id` (`people_id`),
  ADD KEY `idx_building_id` (`building_id`),
  ADD KEY `idx_unit_id` (`unit_id`);

--
-- Indexes for table `lease_files`
--
ALTER TABLE `lease_files`
  ADD PRIMARY KEY (`id`),
  ADD KEY `idx_lease_id` (`lease_id`);

--
-- Indexes for table `people`
--
ALTER TABLE `people`
  ADD PRIMARY KEY (`id`),
  ADD KEY `people_type_id_fk` (`type_id`),
  ADD KEY `people_building_id_fk` (`building_id`);

--
-- Indexes for table `people_types`
--
ALTER TABLE `people_types`
  ADD PRIMARY KEY (`id`);

--
-- Indexes for table `periods`
--
ALTER TABLE `periods`
  ADD PRIMARY KEY (`id`),
  ADD KEY `period_building_id` (`building_id`);

--
-- Indexes for table `readings`
--
ALTER TABLE `readings`
  ADD PRIMARY KEY (`id`),
  ADD KEY `idx_item_id` (`item_id`),
  ADD KEY `idx_unit_id` (`unit_id`),
  ADD KEY `idx_lease_id` (`lease_id`);

--
-- Indexes for table `receipt_items`
--
ALTER TABLE `receipt_items`
  ADD PRIMARY KEY (`id`),
  ADD KEY `sri_receipt_id` (`receipt_id`),
  ADD KEY `sri_item_id` (`item_id`);

--
-- Indexes for table `sales_receipt`
--
ALTER TABLE `sales_receipt`
  ADD PRIMARY KEY (`id`),
  ADD KEY `sr_unit_id` (`unit_id`),
  ADD KEY `sr_people_id` (`people_id`),
  ADD KEY `sr_user_id` (`user_id`),
  ADD KEY `sr_building_id` (`building_id`),
  ADD KEY `sr_account_id` (`account_id`);

--
-- Indexes for table `splits`
--
ALTER TABLE `splits`
  ADD PRIMARY KEY (`id`),
  ADD KEY `td_transaction_id` (`transaction_id`),
  ADD KEY `td_account_id` (`account_id`),
  ADD KEY `td_people_id` (`people_id`),
  ADD KEY `fk_splits_unit` (`unit_id`);

--
-- Indexes for table `transactions`
--
ALTER TABLE `transactions`
  ADD PRIMARY KEY (`id`),
  ADD KEY `transaction_type_fk` (`type`),
  ADD KEY `transaction_building_fk` (`building_id`),
  ADD KEY `transaction_user_fk` (`user_id`),
  ADD KEY `transaction_unit_fk` (`unit_id`);

--
-- Indexes for table `units`
--
ALTER TABLE `units`
  ADD PRIMARY KEY (`id`),
  ADD KEY `unit_building_id_fk` (`building_id`);

--
-- Indexes for table `users`
--
ALTER TABLE `users`
  ADD PRIMARY KEY (`id`);

--
-- AUTO_INCREMENT for dumped tables
--

--
-- AUTO_INCREMENT for table `accounts`
--
ALTER TABLE `accounts`
  MODIFY `id` int(11) NOT NULL AUTO_INCREMENT, AUTO_INCREMENT=31;

--
-- AUTO_INCREMENT for table `account_types`
--
ALTER TABLE `account_types`
  MODIFY `id` int(11) NOT NULL AUTO_INCREMENT, AUTO_INCREMENT=11;

--
-- AUTO_INCREMENT for table `buildings`
--
ALTER TABLE `buildings`
  MODIFY `id` int(11) NOT NULL AUTO_INCREMENT, AUTO_INCREMENT=5;

--
-- AUTO_INCREMENT for table `checks`
--
ALTER TABLE `checks`
  MODIFY `id` int(11) NOT NULL AUTO_INCREMENT, AUTO_INCREMENT=20;

--
-- AUTO_INCREMENT for table `credit_memo`
--
ALTER TABLE `credit_memo`
  MODIFY `id` int(11) NOT NULL AUTO_INCREMENT, AUTO_INCREMENT=8;

--
-- AUTO_INCREMENT for table `expense_lines`
--
ALTER TABLE `expense_lines`
  MODIFY `id` int(11) NOT NULL AUTO_INCREMENT, AUTO_INCREMENT=297;

--
-- AUTO_INCREMENT for table `invoices`
--
ALTER TABLE `invoices`
  MODIFY `id` int(11) NOT NULL AUTO_INCREMENT, AUTO_INCREMENT=63;

--
-- AUTO_INCREMENT for table `invoice_applied_credits`
--
ALTER TABLE `invoice_applied_credits`
  MODIFY `id` int(11) NOT NULL AUTO_INCREMENT, AUTO_INCREMENT=15;

--
-- AUTO_INCREMENT for table `invoice_applied_discounts`
--
ALTER TABLE `invoice_applied_discounts`
  MODIFY `id` int(11) NOT NULL AUTO_INCREMENT;

--
-- AUTO_INCREMENT for table `invoice_items`
--
ALTER TABLE `invoice_items`
  MODIFY `id` int(11) NOT NULL AUTO_INCREMENT, AUTO_INCREMENT=234;

--
-- AUTO_INCREMENT for table `invoice_payments`
--
ALTER TABLE `invoice_payments`
  MODIFY `id` int(11) NOT NULL AUTO_INCREMENT, AUTO_INCREMENT=56;

--
-- AUTO_INCREMENT for table `items`
--
ALTER TABLE `items`
  MODIFY `id` int(11) NOT NULL AUTO_INCREMENT, AUTO_INCREMENT=11;

--
-- AUTO_INCREMENT for table `journal`
--
ALTER TABLE `journal`
  MODIFY `id` int(11) NOT NULL AUTO_INCREMENT, AUTO_INCREMENT=4;

--
-- AUTO_INCREMENT for table `journal_lines`
--
ALTER TABLE `journal_lines`
  MODIFY `id` int(11) NOT NULL AUTO_INCREMENT, AUTO_INCREMENT=7;

--
-- AUTO_INCREMENT for table `leases`
--
ALTER TABLE `leases`
  MODIFY `id` int(11) NOT NULL AUTO_INCREMENT, AUTO_INCREMENT=20;

--
-- AUTO_INCREMENT for table `lease_files`
--
ALTER TABLE `lease_files`
  MODIFY `id` int(11) NOT NULL AUTO_INCREMENT, AUTO_INCREMENT=16;

--
-- AUTO_INCREMENT for table `people`
--
ALTER TABLE `people`
  MODIFY `id` int(11) NOT NULL AUTO_INCREMENT, AUTO_INCREMENT=19;

--
-- AUTO_INCREMENT for table `people_types`
--
ALTER TABLE `people_types`
  MODIFY `id` int(11) NOT NULL AUTO_INCREMENT, AUTO_INCREMENT=7;

--
-- AUTO_INCREMENT for table `periods`
--
ALTER TABLE `periods`
  MODIFY `id` int(11) NOT NULL AUTO_INCREMENT;

--
-- AUTO_INCREMENT for table `readings`
--
ALTER TABLE `readings`
  MODIFY `id` int(11) NOT NULL AUTO_INCREMENT, AUTO_INCREMENT=169;

--
-- AUTO_INCREMENT for table `receipt_items`
--
ALTER TABLE `receipt_items`
  MODIFY `id` int(11) NOT NULL AUTO_INCREMENT;

--
-- AUTO_INCREMENT for table `sales_receipt`
--
ALTER TABLE `sales_receipt`
  MODIFY `id` int(11) NOT NULL AUTO_INCREMENT;

--
-- AUTO_INCREMENT for table `splits`
--
ALTER TABLE `splits`
  MODIFY `id` int(11) NOT NULL AUTO_INCREMENT, AUTO_INCREMENT=693;

--
-- AUTO_INCREMENT for table `transactions`
--
ALTER TABLE `transactions`
  MODIFY `id` int(11) NOT NULL AUTO_INCREMENT, AUTO_INCREMENT=147;

--
-- AUTO_INCREMENT for table `units`
--
ALTER TABLE `units`
  MODIFY `id` int(11) NOT NULL AUTO_INCREMENT, AUTO_INCREMENT=20;

--
-- AUTO_INCREMENT for table `users`
--
ALTER TABLE `users`
  MODIFY `id` int(11) NOT NULL AUTO_INCREMENT, AUTO_INCREMENT=2;

--
-- Constraints for dumped tables
--

--
-- Constraints for table `accounts`
--
ALTER TABLE `accounts`
  ADD CONSTRAINT `acc_acc_type_fk` FOREIGN KEY (`account_type`) REFERENCES `account_types` (`id`),
  ADD CONSTRAINT `accounts_building_fk` FOREIGN KEY (`building_id`) REFERENCES `buildings` (`id`);

--
-- Constraints for table `checks`
--
ALTER TABLE `checks`
  ADD CONSTRAINT `checks_ibfk_1` FOREIGN KEY (`transaction_id`) REFERENCES `transactions` (`id`) ON DELETE CASCADE ON UPDATE CASCADE,
  ADD CONSTRAINT `checks_ibfk_2` FOREIGN KEY (`payment_account_id`) REFERENCES `accounts` (`id`) ON UPDATE CASCADE,
  ADD CONSTRAINT `checks_ibfk_3` FOREIGN KEY (`building_id`) REFERENCES `buildings` (`id`) ON DELETE CASCADE ON UPDATE CASCADE;

--
-- Constraints for table `credit_memo`
--
ALTER TABLE `credit_memo`
  ADD CONSTRAINT `fk_cm_building` FOREIGN KEY (`building_id`) REFERENCES `buildings` (`id`) ON DELETE CASCADE ON UPDATE CASCADE,
  ADD CONSTRAINT `fk_cm_deposit_to` FOREIGN KEY (`deposit_to`) REFERENCES `accounts` (`id`) ON UPDATE CASCADE,
  ADD CONSTRAINT `fk_cm_liability_account` FOREIGN KEY (`liability_account`) REFERENCES `accounts` (`id`) ON UPDATE CASCADE,
  ADD CONSTRAINT `fk_cm_people` FOREIGN KEY (`people_id`) REFERENCES `people` (`id`) ON UPDATE CASCADE,
  ADD CONSTRAINT `fk_cm_transaction` FOREIGN KEY (`transaction_id`) REFERENCES `transactions` (`id`) ON DELETE CASCADE ON UPDATE CASCADE,
  ADD CONSTRAINT `fk_cm_unit` FOREIGN KEY (`unit_id`) REFERENCES `units` (`id`) ON UPDATE CASCADE,
  ADD CONSTRAINT `fk_cm_user` FOREIGN KEY (`user_id`) REFERENCES `users` (`id`) ON UPDATE CASCADE;

--
-- Constraints for table `expense_lines`
--
ALTER TABLE `expense_lines`
  ADD CONSTRAINT `expense_lines_ibfk_1` FOREIGN KEY (`check_id`) REFERENCES `checks` (`id`) ON DELETE CASCADE ON UPDATE CASCADE,
  ADD CONSTRAINT `expense_lines_ibfk_2` FOREIGN KEY (`account_id`) REFERENCES `accounts` (`id`) ON UPDATE CASCADE,
  ADD CONSTRAINT `expense_lines_ibfk_3` FOREIGN KEY (`unit_id`) REFERENCES `units` (`id`) ON DELETE SET NULL ON UPDATE CASCADE,
  ADD CONSTRAINT `expense_lines_ibfk_4` FOREIGN KEY (`people_id`) REFERENCES `people` (`id`) ON DELETE SET NULL ON UPDATE CASCADE;

--
-- Constraints for table `invoices`
--
ALTER TABLE `invoices`
  ADD CONSTRAINT `fk_invoice_account_id` FOREIGN KEY (`ar_account_id`) REFERENCES `accounts` (`id`),
  ADD CONSTRAINT `fk_invoice_building` FOREIGN KEY (`building_id`) REFERENCES `buildings` (`id`) ON DELETE CASCADE ON UPDATE CASCADE,
  ADD CONSTRAINT `fk_invoice_people` FOREIGN KEY (`people_id`) REFERENCES `people` (`id`) ON DELETE SET NULL ON UPDATE CASCADE,
  ADD CONSTRAINT `fk_invoice_unit` FOREIGN KEY (`unit_id`) REFERENCES `units` (`id`) ON DELETE SET NULL ON UPDATE CASCADE;

--
-- Constraints for table `invoice_applied_credits`
--
ALTER TABLE `invoice_applied_credits`
  ADD CONSTRAINT `fk_iac_credit_memo` FOREIGN KEY (`credit_memo_id`) REFERENCES `credit_memo` (`id`) ON DELETE CASCADE ON UPDATE CASCADE,
  ADD CONSTRAINT `fk_iac_invoice` FOREIGN KEY (`invoice_id`) REFERENCES `invoices` (`id`) ON DELETE CASCADE ON UPDATE CASCADE;

--
-- Constraints for table `invoice_applied_discounts`
--
ALTER TABLE `invoice_applied_discounts`
  ADD CONSTRAINT `fk_iad_ar_account` FOREIGN KEY (`ar_account`) REFERENCES `accounts` (`id`),
  ADD CONSTRAINT `fk_iad_income_account` FOREIGN KEY (`income_account`) REFERENCES `accounts` (`id`),
  ADD CONSTRAINT `fk_iad_invoice` FOREIGN KEY (`invoice_id`) REFERENCES `invoices` (`id`),
  ADD CONSTRAINT `fk_iad_transaction` FOREIGN KEY (`transaction_id`) REFERENCES `transactions` (`id`);

--
-- Constraints for table `invoice_payments`
--
ALTER TABLE `invoice_payments`
  ADD CONSTRAINT `fk_ip_account` FOREIGN KEY (`account_id`) REFERENCES `accounts` (`id`) ON UPDATE CASCADE,
  ADD CONSTRAINT `fk_ip_invoice` FOREIGN KEY (`invoice_id`) REFERENCES `invoices` (`id`) ON DELETE CASCADE ON UPDATE CASCADE,
  ADD CONSTRAINT `fk_ip_transaction` FOREIGN KEY (`transaction_id`) REFERENCES `transactions` (`id`) ON DELETE CASCADE ON UPDATE CASCADE,
  ADD CONSTRAINT `fk_ip_user` FOREIGN KEY (`user_id`) REFERENCES `users` (`id`) ON UPDATE CASCADE;

--
-- Constraints for table `items`
--
ALTER TABLE `items`
  ADD CONSTRAINT `fk_items_building` FOREIGN KEY (`building_id`) REFERENCES `buildings` (`id`) ON DELETE CASCADE ON UPDATE CASCADE;

--
-- Constraints for table `journal`
--
ALTER TABLE `journal`
  ADD CONSTRAINT `journal_ibfk_1` FOREIGN KEY (`transaction_id`) REFERENCES `transactions` (`id`) ON DELETE CASCADE ON UPDATE CASCADE,
  ADD CONSTRAINT `journal_ibfk_2` FOREIGN KEY (`building_id`) REFERENCES `buildings` (`id`) ON DELETE CASCADE ON UPDATE CASCADE;

--
-- Constraints for table `journal_lines`
--
ALTER TABLE `journal_lines`
  ADD CONSTRAINT `journal_lines_ibfk_1` FOREIGN KEY (`journal_id`) REFERENCES `journal` (`id`) ON DELETE CASCADE ON UPDATE CASCADE,
  ADD CONSTRAINT `journal_lines_ibfk_2` FOREIGN KEY (`account_id`) REFERENCES `accounts` (`id`) ON UPDATE CASCADE,
  ADD CONSTRAINT `journal_lines_ibfk_3` FOREIGN KEY (`unit_id`) REFERENCES `units` (`id`) ON DELETE SET NULL ON UPDATE CASCADE,
  ADD CONSTRAINT `journal_lines_ibfk_4` FOREIGN KEY (`people_id`) REFERENCES `people` (`id`) ON DELETE SET NULL ON UPDATE CASCADE;

--
-- Constraints for table `leases`
--
ALTER TABLE `leases`
  ADD CONSTRAINT `fk_leases_buildings` FOREIGN KEY (`building_id`) REFERENCES `buildings` (`id`) ON UPDATE CASCADE,
  ADD CONSTRAINT `fk_leases_people` FOREIGN KEY (`people_id`) REFERENCES `people` (`id`) ON UPDATE CASCADE,
  ADD CONSTRAINT `fk_leases_units` FOREIGN KEY (`unit_id`) REFERENCES `units` (`id`) ON UPDATE CASCADE;

--
-- Constraints for table `lease_files`
--
ALTER TABLE `lease_files`
  ADD CONSTRAINT `fk_lease_files_lease_id` FOREIGN KEY (`lease_id`) REFERENCES `leases` (`id`) ON DELETE CASCADE ON UPDATE CASCADE;

--
-- Constraints for table `people`
--
ALTER TABLE `people`
  ADD CONSTRAINT `people_building_id_fk` FOREIGN KEY (`building_id`) REFERENCES `buildings` (`id`),
  ADD CONSTRAINT `people_type_id_fk` FOREIGN KEY (`type_id`) REFERENCES `people_types` (`id`);

--
-- Constraints for table `periods`
--
ALTER TABLE `periods`
  ADD CONSTRAINT `period_building_id` FOREIGN KEY (`building_id`) REFERENCES `buildings` (`id`);

--
-- Constraints for table `readings`
--
ALTER TABLE `readings`
  ADD CONSTRAINT `fk_readings_item` FOREIGN KEY (`item_id`) REFERENCES `items` (`id`) ON UPDATE CASCADE,
  ADD CONSTRAINT `fk_readings_lease` FOREIGN KEY (`lease_id`) REFERENCES `leases` (`id`) ON DELETE SET NULL ON UPDATE CASCADE,
  ADD CONSTRAINT `fk_readings_unit` FOREIGN KEY (`unit_id`) REFERENCES `units` (`id`) ON UPDATE CASCADE;

--
-- Constraints for table `receipt_items`
--
ALTER TABLE `receipt_items`
  ADD CONSTRAINT `fk_sri_item` FOREIGN KEY (`item_id`) REFERENCES `items` (`id`) ON UPDATE CASCADE,
  ADD CONSTRAINT `fk_sri_receipt` FOREIGN KEY (`receipt_id`) REFERENCES `sales_receipt` (`id`) ON DELETE CASCADE ON UPDATE CASCADE;

--
-- Constraints for table `sales_receipt`
--
ALTER TABLE `sales_receipt`
  ADD CONSTRAINT `fk_sr_account` FOREIGN KEY (`account_id`) REFERENCES `accounts` (`id`) ON UPDATE CASCADE,
  ADD CONSTRAINT `fk_sr_building` FOREIGN KEY (`building_id`) REFERENCES `buildings` (`id`) ON DELETE CASCADE ON UPDATE CASCADE,
  ADD CONSTRAINT `fk_sr_people` FOREIGN KEY (`people_id`) REFERENCES `people` (`id`) ON DELETE SET NULL ON UPDATE CASCADE,
  ADD CONSTRAINT `fk_sr_unit` FOREIGN KEY (`unit_id`) REFERENCES `units` (`id`) ON DELETE SET NULL ON UPDATE CASCADE;

--
-- Constraints for table `splits`
--
ALTER TABLE `splits`
  ADD CONSTRAINT `fk_splits_account` FOREIGN KEY (`account_id`) REFERENCES `accounts` (`id`),
  ADD CONSTRAINT `fk_splits_people` FOREIGN KEY (`people_id`) REFERENCES `people` (`id`) ON DELETE SET NULL ON UPDATE CASCADE,
  ADD CONSTRAINT `fk_splits_unit` FOREIGN KEY (`unit_id`) REFERENCES `units` (`id`);

--
-- Constraints for table `transactions`
--
ALTER TABLE `transactions`
  ADD CONSTRAINT `fk_transactions_building` FOREIGN KEY (`building_id`) REFERENCES `buildings` (`id`) ON DELETE CASCADE ON UPDATE CASCADE,
  ADD CONSTRAINT `fk_transactions_unit` FOREIGN KEY (`unit_id`) REFERENCES `units` (`id`) ON DELETE CASCADE ON UPDATE CASCADE,
  ADD CONSTRAINT `fk_transactions_user` FOREIGN KEY (`user_id`) REFERENCES `users` (`id`) ON DELETE CASCADE ON UPDATE CASCADE;

--
-- Constraints for table `units`
--
ALTER TABLE `units`
  ADD CONSTRAINT `unit_building_id_fk` FOREIGN KEY (`building_id`) REFERENCES `buildings` (`id`);
COMMIT;

/*!40101 SET CHARACTER_SET_CLIENT=@OLD_CHARACTER_SET_CLIENT */;
/*!40101 SET CHARACTER_SET_RESULTS=@OLD_CHARACTER_SET_RESULTS */;
/*!40101 SET COLLATION_CONNECTION=@OLD_COLLATION_CONNECTION */;
